"1","siteurl","http://localhost/folha","yes"
"2","home","http://localhost/folha","yes"
"3","blogname","Folha da Terra","yes"
"4","blogdescription","Só mais um site WordPress","yes"
"5","users_can_register","0","yes"
"6","admin_email","luizbweb@gmail.com","yes"
"7","start_of_week","0","yes"
"8","use_balanceTags","0","yes"
"9","use_smilies","1","yes"
"10","require_name_email","1","yes"
"11","comments_notify","1","yes"
"12","posts_per_rss","10","yes"
"13","rss_use_excerpt","0","yes"
"14","mailserver_url","mail.example.com","yes"
"15","mailserver_login","login@example.com","yes"
"16","mailserver_pass","password","yes"
"17","mailserver_port","110","yes"
"18","default_category","1","yes"
"19","default_comment_status","open","yes"
"20","default_ping_status","open","yes"
"21","default_pingback_flag","1","yes"
"22","posts_per_page","10","yes"
"23","date_format","j \d\e F \d\e Y","yes"
"24","time_format","H:i","yes"
"25","links_updated_date_format","j \d\e F \d\e Y, H:i","yes"
"26","comment_moderation","0","yes"
"27","moderation_notify","1","yes"
"28","permalink_structure","/index.php/%year%/%monthnum%/%day%/%postname%/","yes"
"29","gzipcompression","0","yes"
"30","hack_file","0","yes"
"31","blog_charset","UTF-8","yes"
"32","moderation_keys",,"no"
"33","active_plugins","a:1:{i:0;s:19:""jetpack/jetpack.php"";}","yes"
"34","category_base",,"yes"
"35","ping_sites","http://rpc.pingomatic.com/","yes"
"36","advanced_edit","0","yes"
"37","comment_max_links","2","yes"
"38","gmt_offset","0","yes"
"39","default_email_category","1","yes"
"40","recently_edited","a:4:{i:0;s:62:""/opt/lampp/htdocs/folha/wp-content/plugins/jetpack/jetpack.php"";i:1;s:62:""/opt/lampp/htdocs/folha/wp-content/plugins/akismet/akismet.php"";i:2;s:61:""/opt/lampp/htdocs/folha/wp-content/themes/profitmag/style.css"";i:3;s:0:"""";}","no"
"41","template","profitmag","yes"
"42","stylesheet","profitmag","yes"
"43","comment_whitelist","1","yes"
"44","blacklist_keys",,"no"
"45","comment_registration","0","yes"
"46","html_type","text/html","yes"
"47","use_trackback","0","yes"
"48","default_role","subscriber","yes"
"49","db_version","31535","yes"
"50","uploads_use_yearmonth_folders","1","yes"
"51","upload_path",,"yes"
"52","blog_public","1","yes"
"53","default_link_category","2","yes"
"54","show_on_front","posts","yes"
"55","tag_base",,"yes"
"56","show_avatars","1","yes"
"57","avatar_rating","G","yes"
"58","upload_url_path",,"yes"
"59","thumbnail_size_w","150","yes"
"60","thumbnail_size_h","150","yes"
"61","thumbnail_crop","1","yes"
"62","medium_size_w","300","yes"
"63","medium_size_h","300","yes"
"64","avatar_default","mystery","yes"
"65","large_size_w","1024","yes"
"66","large_size_h","1024","yes"
"67","image_default_link_type","file","yes"
"68","image_default_size",,"yes"
"69","image_default_align",,"yes"
"70","close_comments_for_old_posts","0","yes"
"71","close_comments_days_old","14","yes"
"72","thread_comments","1","yes"
"73","thread_comments_depth","5","yes"
"74","page_comments","0","yes"
"75","comments_per_page","50","yes"
"76","default_comments_page","newest","yes"
"77","comment_order","asc","yes"
"78","sticky_posts","a:0:{}","yes"
"79","widget_categories","a:6:{i:2;a:4:{s:5:""title"";s:0:"""";s:5:""count"";i:0;s:12:""hierarchical"";i:0;s:8:""dropdown"";i:0;}i:5;a:0:{}i:6;a:0:{}i:7;a:0:{}i:9;a:4:{s:5:""title"";s:0:"""";s:5:""count"";i:0;s:12:""hierarchical"";i:0;s:8:""dropdown"";i:0;}s:12:""_multiwidget"";i:1;}","yes"
"80","widget_text","a:2:{i:1;a:0:{}s:12:""_multiwidget"";i:1;}","yes"
"81","widget_rss","a:2:{i:1;a:0:{}s:12:""_multiwidget"";i:1;}","yes"
"82","uninstall_plugins","a:0:{}","no"
"83","timezone_string",,"yes"
"84","page_for_posts","2","yes"
"85","page_on_front","9","yes"
"86","default_post_format","0","yes"
"87","link_manager_enabled","0","yes"
"88","initial_db_version","31535","yes"
"89","wp_user_roles","a:5:{s:13:""administrator"";a:2:{s:4:""name"";s:13:""Administrator"";s:12:""capabilities"";a:62:{s:13:""switch_themes"";b:1;s:11:""edit_themes"";b:1;s:16:""activate_plugins"";b:1;s:12:""edit_plugins"";b:1;s:10:""edit_users"";b:1;s:10:""edit_files"";b:1;s:14:""manage_options"";b:1;s:17:""moderate_comments"";b:1;s:17:""manage_categories"";b:1;s:12:""manage_links"";b:1;s:12:""upload_files"";b:1;s:6:""import"";b:1;s:15:""unfiltered_html"";b:1;s:10:""edit_posts"";b:1;s:17:""edit_others_posts"";b:1;s:20:""edit_published_posts"";b:1;s:13:""publish_posts"";b:1;s:10:""edit_pages"";b:1;s:4:""read"";b:1;s:8:""level_10"";b:1;s:7:""level_9"";b:1;s:7:""level_8"";b:1;s:7:""level_7"";b:1;s:7:""level_6"";b:1;s:7:""level_5"";b:1;s:7:""level_4"";b:1;s:7:""level_3"";b:1;s:7:""level_2"";b:1;s:7:""level_1"";b:1;s:7:""level_0"";b:1;s:17:""edit_others_pages"";b:1;s:20:""edit_published_pages"";b:1;s:13:""publish_pages"";b:1;s:12:""delete_pages"";b:1;s:19:""delete_others_pages"";b:1;s:22:""delete_published_pages"";b:1;s:12:""delete_posts"";b:1;s:19:""delete_others_posts"";b:1;s:22:""delete_published_posts"";b:1;s:20:""delete_private_posts"";b:1;s:18:""edit_private_posts"";b:1;s:18:""read_private_posts"";b:1;s:20:""delete_private_pages"";b:1;s:18:""edit_private_pages"";b:1;s:18:""read_private_pages"";b:1;s:12:""delete_users"";b:1;s:12:""create_users"";b:1;s:17:""unfiltered_upload"";b:1;s:14:""edit_dashboard"";b:1;s:14:""update_plugins"";b:1;s:14:""delete_plugins"";b:1;s:15:""install_plugins"";b:1;s:13:""update_themes"";b:1;s:14:""install_themes"";b:1;s:11:""update_core"";b:1;s:10:""list_users"";b:1;s:12:""remove_users"";b:1;s:9:""add_users"";b:1;s:13:""promote_users"";b:1;s:18:""edit_theme_options"";b:1;s:13:""delete_themes"";b:1;s:6:""export"";b:1;}}s:6:""editor"";a:2:{s:4:""name"";s:6:""Editor"";s:12:""capabilities"";a:34:{s:17:""moderate_comments"";b:1;s:17:""manage_categories"";b:1;s:12:""manage_links"";b:1;s:12:""upload_files"";b:1;s:15:""unfiltered_html"";b:1;s:10:""edit_posts"";b:1;s:17:""edit_others_posts"";b:1;s:20:""edit_published_posts"";b:1;s:13:""publish_posts"";b:1;s:10:""edit_pages"";b:1;s:4:""read"";b:1;s:7:""level_7"";b:1;s:7:""level_6"";b:1;s:7:""level_5"";b:1;s:7:""level_4"";b:1;s:7:""level_3"";b:1;s:7:""level_2"";b:1;s:7:""level_1"";b:1;s:7:""level_0"";b:1;s:17:""edit_others_pages"";b:1;s:20:""edit_published_pages"";b:1;s:13:""publish_pages"";b:1;s:12:""delete_pages"";b:1;s:19:""delete_others_pages"";b:1;s:22:""delete_published_pages"";b:1;s:12:""delete_posts"";b:1;s:19:""delete_others_posts"";b:1;s:22:""delete_published_posts"";b:1;s:20:""delete_private_posts"";b:1;s:18:""edit_private_posts"";b:1;s:18:""read_private_posts"";b:1;s:20:""delete_private_pages"";b:1;s:18:""edit_private_pages"";b:1;s:18:""read_private_pages"";b:1;}}s:6:""author"";a:2:{s:4:""name"";s:6:""Author"";s:12:""capabilities"";a:10:{s:12:""upload_files"";b:1;s:10:""edit_posts"";b:1;s:20:""edit_published_posts"";b:1;s:13:""publish_posts"";b:1;s:4:""read"";b:1;s:7:""level_2"";b:1;s:7:""level_1"";b:1;s:7:""level_0"";b:1;s:12:""delete_posts"";b:1;s:22:""delete_published_posts"";b:1;}}s:11:""contributor"";a:2:{s:4:""name"";s:11:""Contributor"";s:12:""capabilities"";a:5:{s:10:""edit_posts"";b:1;s:4:""read"";b:1;s:7:""level_1"";b:1;s:7:""level_0"";b:1;s:12:""delete_posts"";b:1;}}s:10:""subscriber"";a:2:{s:4:""name"";s:10:""Subscriber"";s:12:""capabilities"";a:2:{s:4:""read"";b:1;s:7:""level_0"";b:1;}}}","yes"
"90","WPLANG","pt_BR","yes"
"91","widget_search","a:3:{i:2;a:1:{s:5:""title"";s:0:"""";}s:12:""_multiwidget"";i:1;i:4;a:0:{}}","yes"
"92","widget_recent-posts","a:4:{i:2;a:2:{s:5:""title"";s:0:"""";s:6:""number"";i:5;}s:12:""_multiwidget"";i:1;i:4;a:0:{}i:6;a:0:{}}","yes"
"93","widget_recent-comments","a:2:{i:4;a:0:{}s:12:""_multiwidget"";i:1;}","yes"
"94","widget_archives","a:2:{i:4;a:0:{}s:12:""_multiwidget"";i:1;}","yes"
"95","widget_meta","a:1:{s:12:""_multiwidget"";i:1;}","yes"
"96","sidebars_widgets","a:44:{s:19:""wp_inactive_widgets"";a:15:{i:0;s:10:""calendar-3"";i:1;s:10:""archives-4"";i:2;s:8:""search-4"";i:3;s:12:""categories-5"";i:4;s:12:""categories-6"";i:5;s:12:""categories-7"";i:6;s:12:""categories-9"";i:7;s:14:""recent-posts-4"";i:8;s:14:""recent-posts-6"";i:9;s:17:""recent-comments-4"";i:10;s:11:""tag_cloud-3"";i:11;s:11:""tag_cloud-4"";i:12;s:10:""nav_menu-3"";i:13;s:10:""nav_menu-5"";i:14;s:10:""nav_menu-7"";}s:7:""sidebar"";a:3:{i:0;s:8:""search-2"";i:1;s:14:""recent-posts-2"";i:2;s:12:""categories-2"";}s:6:""home-1"";a:1:{i:0;s:15:""mh_slider_hp-10"";}s:6:""home-2"";a:2:{i:0;s:17:""mh_custom_posts-3"";i:1;s:17:""mh_custom_posts-7"";}s:6:""home-3"";a:2:{i:0;s:17:""mh_custom_posts-5"";i:1;s:17:""mh_custom_posts-6"";}s:6:""home-4"";a:1:{i:0;s:17:""mh_custom_posts-8"";}s:6:""home-5"";a:5:{i:0;s:8:""search-4"";i:1;s:14:""recent-posts-4"";i:2;s:12:""categories-7"";i:3;s:10:""archives-4"";i:4;s:13:""mh_facebook-4"";}s:7:""posts-1"";a:0:{}s:7:""posts-2"";a:0:{}s:8:""footer-1"";a:1:{i:0;s:12:""categories-9"";}s:8:""footer-2"";a:0:{}s:8:""footer-3"";a:0:{}s:8:""footer-4"";a:1:{i:0;s:11:""tag_cloud-4"";}s:18:""orphaned_widgets_1"";a:3:{i:0;s:8:""search-2"";i:1;s:14:""recent-posts-2"";i:2;s:12:""categories-2"";}s:18:""orphaned_widgets_2"";a:0:{}s:18:""orphaned_widgets_3"";a:0:{}s:18:""orphaned_widgets_4"";a:0:{}s:18:""orphaned_widgets_5"";a:0:{}s:18:""orphaned_widgets_6"";a:0:{}s:18:""orphaned_widgets_7"";a:0:{}s:18:""orphaned_widgets_8"";a:0:{}s:18:""orphaned_widgets_9"";a:0:{}s:19:""orphaned_widgets_10"";a:0:{}s:19:""orphaned_widgets_11"";a:0:{}s:19:""orphaned_widgets_12"";a:0:{}s:19:""orphaned_widgets_13"";a:0:{}s:19:""orphaned_widgets_14"";a:0:{}s:19:""orphaned_widgets_15"";a:0:{}s:13:""array_version"";i:3;s:17:""right-sidebar-top"";a:3:{i:0;s:8:""search-2"";i:1;s:14:""recent-posts-2"";i:2;s:12:""categories-2"";}s:20:""right-sidebar-middle"";a:0:{}s:16:""left-sidebar-top"";a:0:{}s:19:""left-sidebar-middle"";a:0:{}s:12:""home-popular"";a:0:{}s:14:""fo-top-col-one"";a:2:{i:0;s:10:""nav_menu-8"";i:1;s:11:""nav_menu-14"";}s:14:""fo-top-col-two"";a:3:{i:0;s:10:""nav_menu-9"";i:1;s:11:""nav_menu-15"";i:2;s:11:""nav_menu-17"";}s:16:""fo-top-col-three"";a:1:{i:0;s:11:""nav_menu-10"";}s:15:""fo-top-col-four"";a:2:{i:0;s:11:""nav_menu-11"";i:1;s:11:""nav_menu-16"";}s:15:""fo-top-col-five"";a:2:{i:0;s:11:""nav_menu-12"";i:1;s:11:""nav_menu-13"";}s:14:""fo-top-col-six"";a:1:{i:0;s:18:""facebook-likebox-2"";}s:17:""fo-bottom-col-one"";a:0:{}s:17:""fo-bottom-col-two"";a:0:{}s:19:""fo-bottom-col-three"";a:0:{}s:18:""fo-bottom-col-four"";a:0:{}}","yes"
"99","cron","a:6:{i:1437519337;a:1:{s:20:""jetpack_clean_nonces"";a:1:{s:32:""40cd750bba9870f18aada2478b24840a"";a:3:{s:8:""schedule"";s:6:""hourly"";s:4:""args"";a:0:{}s:8:""interval"";i:3600;}}}i:1437529033;a:3:{s:16:""wp_version_check"";a:1:{s:32:""40cd750bba9870f18aada2478b24840a"";a:3:{s:8:""schedule"";s:10:""twicedaily"";s:4:""args"";a:0:{}s:8:""interval"";i:43200;}}s:17:""wp_update_plugins"";a:1:{s:32:""40cd750bba9870f18aada2478b24840a"";a:3:{s:8:""schedule"";s:10:""twicedaily"";s:4:""args"";a:0:{}s:8:""interval"";i:43200;}}s:16:""wp_update_themes"";a:1:{s:32:""40cd750bba9870f18aada2478b24840a"";a:3:{s:8:""schedule"";s:10:""twicedaily"";s:4:""args"";a:0:{}s:8:""interval"";i:43200;}}}i:1437548700;a:1:{s:20:""wp_maybe_auto_update"";a:1:{s:32:""40cd750bba9870f18aada2478b24840a"";a:3:{s:8:""schedule"";s:10:""twicedaily"";s:4:""args"";a:0:{}s:8:""interval"";i:43200;}}}i:1437572307;a:1:{s:19:""wp_scheduled_delete"";a:1:{s:32:""40cd750bba9870f18aada2478b24840a"";a:3:{s:8:""schedule"";s:5:""daily"";s:4:""args"";a:0:{}s:8:""interval"";i:86400;}}}i:1437587553;a:1:{s:30:""wp_scheduled_auto_draft_delete"";a:1:{s:32:""40cd750bba9870f18aada2478b24840a"";a:3:{s:8:""schedule"";s:5:""daily"";s:4:""args"";a:0:{}s:8:""interval"";i:86400;}}}s:7:""version"";i:2;}","yes"
"103","_site_transient_update_core","O:8:""stdClass"":3:{s:7:""updates"";a:0:{}s:15:""version_checked"";s:5:""4.2.2"";s:12:""last_checked"";i:1437490302;}","yes"
"104","_transient_random_seed","c873585d7f0ffef8431f3cd3aad9fd1b","yes"
"105","_site_transient_update_plugins","O:8:""stdClass"":2:{s:12:""last_checked"";i:1437505552;s:8:""response"";N;}","yes"
"108","_site_transient_update_themes","O:8:""stdClass"":1:{s:12:""last_checked"";i:1437490547;}","yes"
"109","can_compress_scripts","1","yes"
"114","theme_mods_twentyfifteen","a:1:{s:16:""sidebars_widgets"";a:2:{s:4:""time"";i:1432733913;s:4:""data"";a:2:{s:19:""wp_inactive_widgets"";a:0:{}s:9:""sidebar-1"";a:6:{i:0;s:8:""search-2"";i:1;s:14:""recent-posts-2"";i:2;s:17:""recent-comments-2"";i:3;s:10:""archives-2"";i:4;s:12:""categories-2"";i:5;s:6:""meta-2"";}}}}","yes"
"115","current_theme","ProfitMag","yes"
"116","theme_mods_mh-magazine-lite","a:7:{i:0;b:0;s:12:""header_image"";s:73:""http://localhost/folha/wp-content/uploads/2015/05/cropped-profitmag11.png"";s:17:""header_image_data"";O:8:""stdClass"":5:{s:13:""attachment_id"";i:8;s:3:""url"";s:73:""http://localhost/folha/wp-content/uploads/2015/05/cropped-profitmag11.png"";s:13:""thumbnail_url"";s:73:""http://localhost/folha/wp-content/uploads/2015/05/cropped-profitmag11.png"";s:6:""height"";i:109;s:5:""width"";i:274;}s:18:""nav_menu_locations"";a:1:{s:8:""main_nav"";i:3;}s:16:""background_image"";s:63:""http://localhost/folha/wp-content/uploads/2015/06/edition21.jpg"";s:17:""background_repeat"";s:9:""no-repeat"";s:16:""sidebars_widgets"";a:2:{s:4:""time"";i:1435879813;s:4:""data"";a:28:{s:19:""wp_inactive_widgets"";a:30:{i:0;s:18:""facebook-likebox-2"";i:1;s:10:""nav_menu-8"";i:2;s:10:""nav_menu-9"";i:3;s:11:""nav_menu-10"";i:4;s:11:""nav_menu-11"";i:5;s:11:""nav_menu-12"";i:6;s:11:""nav_menu-13"";i:7;s:11:""nav_menu-14"";i:8;s:11:""nav_menu-15"";i:9;s:11:""nav_menu-16"";i:10;s:11:""nav_menu-17"";i:11;s:10:""calendar-3"";i:12;s:12:""categories-5"";i:13;s:12:""categories-6"";i:14;s:14:""recent-posts-6"";i:15;s:17:""recent-comments-4"";i:16;s:11:""tag_cloud-3"";i:17;s:10:""nav_menu-5"";i:18;s:10:""nav_menu-7"";i:19;s:14:""mh_affiliate-3"";i:20;s:17:""mh_custom_posts-4"";i:21;s:18:""mh_custom_posts-10"";i:22;s:13:""mh_facebook-3"";i:23;s:14:""mh_slider_hp-3"";i:24;s:14:""mh_slider_hp-4"";i:25;s:14:""mh_slider_hp-5"";i:26;s:14:""mh_slider_hp-6"";i:27;s:14:""mh_slider_hp-7"";i:28;s:10:""nav_menu-3"";i:29;s:14:""mh_slider_hp-8"";}s:7:""sidebar"";a:3:{i:0;s:8:""search-2"";i:1;s:14:""recent-posts-2"";i:2;s:12:""categories-2"";}s:6:""home-1"";a:1:{i:0;s:15:""mh_slider_hp-10"";}s:6:""home-2"";a:2:{i:0;s:17:""mh_custom_posts-3"";i:1;s:17:""mh_custom_posts-7"";}s:6:""home-3"";a:2:{i:0;s:17:""mh_custom_posts-5"";i:1;s:17:""mh_custom_posts-6"";}s:6:""home-4"";a:1:{i:0;s:17:""mh_custom_posts-8"";}s:6:""home-5"";a:5:{i:0;s:8:""search-4"";i:1;s:14:""recent-posts-4"";i:2;s:12:""categories-7"";i:3;s:10:""archives-4"";i:4;s:13:""mh_facebook-4"";}s:7:""posts-1"";a:0:{}s:7:""posts-2"";a:0:{}s:8:""footer-1"";a:1:{i:0;s:12:""categories-9"";}s:8:""footer-2"";a:0:{}s:8:""footer-3"";a:0:{}s:8:""footer-4"";a:1:{i:0;s:11:""tag_cloud-4"";}s:18:""orphaned_widgets_1"";a:3:{i:0;s:8:""search-2"";i:1;s:14:""recent-posts-2"";i:2;s:12:""categories-2"";}s:18:""orphaned_widgets_2"";a:0:{}s:18:""orphaned_widgets_3"";a:0:{}s:18:""orphaned_widgets_4"";a:0:{}s:18:""orphaned_widgets_5"";a:0:{}s:18:""orphaned_widgets_6"";a:0:{}s:18:""orphaned_widgets_7"";a:0:{}s:18:""orphaned_widgets_8"";a:0:{}s:18:""orphaned_widgets_9"";a:0:{}s:19:""orphaned_widgets_10"";a:0:{}s:19:""orphaned_widgets_11"";a:0:{}s:19:""orphaned_widgets_12"";a:0:{}s:19:""orphaned_widgets_13"";a:0:{}s:19:""orphaned_widgets_14"";a:0:{}s:19:""orphaned_widgets_15"";a:0:{}}}}","yes"
"117","theme_switched",,"yes"
"119","theme_mods_profitmag","a:8:{i:0;b:0;s:12:""header_image"";s:72:""http://localhost/folha/wp-content/uploads/2015/05/cropped-profitmag1.png"";s:17:""header_image_data"";O:8:""stdClass"":5:{s:13:""attachment_id"";i:7;s:3:""url"";s:72:""http://localhost/folha/wp-content/uploads/2015/05/cropped-profitmag1.png"";s:13:""thumbnail_url"";s:72:""http://localhost/folha/wp-content/uploads/2015/05/cropped-profitmag1.png"";s:6:""height"";i:149;s:5:""width"";i:325;}s:18:""nav_menu_locations"";a:1:{s:7:""primary"";i:45;}s:16:""background_image"";s:63:""http://localhost/folha/wp-content/uploads/2015/06/edition21.jpg"";s:17:""background_repeat"";s:9:""no-repeat"";s:21:""background_attachment"";s:5:""fixed"";s:21:""background_position_x"";s:4:""left"";}","yes"
"127","widget_calendar","a:3:{i:1;a:0:{}s:12:""_multiwidget"";i:1;i:3;a:0:{}}","yes"
"128","widget_nav_menu","a:15:{i:1;a:0:{}i:3;a:0:{}i:5;a:1:{s:8:""nav_menu"";i:3;}i:7;a:0:{}i:8;a:2:{s:5:""title"";s:6:""Cidade"";s:8:""nav_menu"";i:65;}i:9;a:2:{s:5:""title"";s:7:""Cultura"";s:8:""nav_menu"";i:66;}i:10;a:2:{s:5:""title"";s:9:""Serviços"";s:8:""nav_menu"";i:67;}i:11;a:2:{s:5:""title"";s:8:""Economia"";s:8:""nav_menu"";i:68;}i:12;a:2:{s:5:""title"";s:10:""Educação"";s:8:""nav_menu"";i:69;}i:13;a:2:{s:5:""title"";s:8:""Esportes"";s:8:""nav_menu"";i:70;}i:14;a:2:{s:5:""title"";s:8:""Politica"";s:8:""nav_menu"";i:71;}i:15;a:2:{s:5:""title"";s:6:""Saúde"";s:8:""nav_menu"";i:72;}i:16;a:2:{s:5:""title"";s:15:""Sociedade Ativa"";s:8:""nav_menu"";i:73;}i:17;a:2:{s:5:""title"";s:7:""Turismo"";s:8:""nav_menu"";i:74;}s:12:""_multiwidget"";i:1;}","yes"
"129","widget_profitmag-popular-posts","a:2:{i:1;a:0:{}s:12:""_multiwidget"";i:1;}","yes"
"130","widget_profitmag-recent-posts","a:2:{i:1;a:0:{}s:12:""_multiwidget"";i:1;}","yes"
"131","widget_tag_cloud","a:4:{i:1;a:0:{}s:12:""_multiwidget"";i:1;i:3;a:0:{}i:4;a:0:{}}","yes"
"132","widget_pages","a:2:{i:1;a:0:{}s:12:""_multiwidget"";i:1;}","yes"
"141","widget_mh_affiliate","a:3:{i:1;a:0:{}s:12:""_multiwidget"";i:1;i:3;a:0:{}}","yes"
"142","widget_mh_custom_posts","a:9:{i:1;a:0:{}s:12:""_multiwidget"";i:1;i:3;a:6:{s:5:""title"";s:6:""Tipo 1"";s:8:""category"";i:0;s:9:""postcount"";i:5;s:6:""offset"";i:0;s:4:""tags"";s:0:"""";s:6:""sticky"";s:0:"""";}i:4;a:0:{}i:5;a:6:{s:5:""title"";s:6:""Tipo 2"";s:8:""category"";i:0;s:9:""postcount"";i:5;s:6:""offset"";i:0;s:4:""tags"";s:0:"""";s:6:""sticky"";s:0:"""";}i:6;a:6:{s:5:""title"";s:6:""Tipo 4"";s:8:""category"";i:0;s:9:""postcount"";i:5;s:6:""offset"";i:0;s:4:""tags"";s:0:"""";s:6:""sticky"";s:0:"""";}i:7;a:6:{s:5:""title"";s:6:""Tipo 3"";s:8:""category"";i:0;s:9:""postcount"";i:5;s:6:""offset"";i:0;s:4:""tags"";s:0:"""";s:6:""sticky"";s:0:"""";}i:8;a:6:{s:5:""title"";s:10:""Colunistas"";s:8:""category"";i:0;s:9:""postcount"";i:5;s:6:""offset"";i:0;s:4:""tags"";s:0:"""";s:6:""sticky"";s:0:"""";}i:10;a:6:{s:5:""title"";s:0:"""";s:8:""category"";i:0;s:9:""postcount"";i:5;s:6:""offset"";i:0;s:4:""tags"";s:0:"""";s:6:""sticky"";s:0:"""";}}","yes"
"143","widget_mh_facebook","a:4:{i:1;a:0:{}s:12:""_multiwidget"";i:1;i:3;a:8:{s:5:""title"";s:23:""Conectar com o Facebook"";s:12:""facebook_url"";s:33:""https://www.facebook.com/MHthemes"";s:5:""width"";i:300;s:6:""height"";i:240;s:5:""faces"";s:1:""1"";s:6:""stream"";s:0:"""";s:6:""header"";s:0:"""";s:6:""border"";s:0:"""";}i:4;a:8:{s:5:""title"";s:23:""Conectar com o Facebook"";s:12:""facebook_url"";s:46:""https://www.facebook.com/JornalFolhadaterranet"";s:5:""width"";i:300;s:6:""height"";i:240;s:5:""faces"";s:1:""1"";s:6:""stream"";s:0:"""";s:6:""header"";s:0:"""";s:6:""border"";s:0:"""";}}","yes"
"144","widget_mh_slider_hp","a:9:{i:1;a:0:{}s:12:""_multiwidget"";i:1;i:3;a:0:{}i:4;a:0:{}i:5;a:0:{}i:6;a:5:{s:8:""category"";i:0;s:4:""tags"";s:0:"""";s:9:""postcount"";i:2;s:6:""offset"";i:0;s:6:""sticky"";s:0:"""";}i:7;a:0:{}i:8;a:0:{}i:10;a:0:{}}","yes"
"167","nav_menu_options","a:2:{i:0;b:0;s:8:""auto_add"";a:1:{i:1;i:45;}}","yes"
"223","category_children","a:0:{}","yes"
"232","mh_options","a:1:{s:14:""excerpt_length"";s:3:""125"";}","yes"
"252","recently_activated","a:2:{s:67:""social-networks-auto-poster-facebook-twitter-g/NextScripts_SNAP.php"";i:1437419255;s:23:""socialize/socialize.php"";i:1437417415;}","yes"
"275","rewrite_rules","a:71:{s:57:""index.php/category/(.+?)/feed/(feed|rdf|rss|rss2|atom)/?$"";s:52:""index.php?category_name=$matches[1]&feed=$matches[2]"";s:52:""index.php/category/(.+?)/(feed|rdf|rss|rss2|atom)/?$"";s:52:""index.php?category_name=$matches[1]&feed=$matches[2]"";s:45:""index.php/category/(.+?)/page/?([0-9]{1,})/?$"";s:53:""index.php?category_name=$matches[1]&paged=$matches[2]"";s:27:""index.php/category/(.+?)/?$"";s:35:""index.php?category_name=$matches[1]"";s:54:""index.php/tag/([^/]+)/feed/(feed|rdf|rss|rss2|atom)/?$"";s:42:""index.php?tag=$matches[1]&feed=$matches[2]"";s:49:""index.php/tag/([^/]+)/(feed|rdf|rss|rss2|atom)/?$"";s:42:""index.php?tag=$matches[1]&feed=$matches[2]"";s:42:""index.php/tag/([^/]+)/page/?([0-9]{1,})/?$"";s:43:""index.php?tag=$matches[1]&paged=$matches[2]"";s:24:""index.php/tag/([^/]+)/?$"";s:25:""index.php?tag=$matches[1]"";s:55:""index.php/type/([^/]+)/feed/(feed|rdf|rss|rss2|atom)/?$"";s:50:""index.php?post_format=$matches[1]&feed=$matches[2]"";s:50:""index.php/type/([^/]+)/(feed|rdf|rss|rss2|atom)/?$"";s:50:""index.php?post_format=$matches[1]&feed=$matches[2]"";s:43:""index.php/type/([^/]+)/page/?([0-9]{1,})/?$"";s:51:""index.php?post_format=$matches[1]&paged=$matches[2]"";s:25:""index.php/type/([^/]+)/?$"";s:33:""index.php?post_format=$matches[1]"";s:48:"".*wp-(atom|rdf|rss|rss2|feed|commentsrss2)\.php$"";s:18:""index.php?feed=old"";s:20:"".*wp-app\.php(/.*)?$"";s:19:""index.php?error=403"";s:18:"".*wp-register.php$"";s:23:""index.php?register=true"";s:42:""index.php/feed/(feed|rdf|rss|rss2|atom)/?$"";s:27:""index.php?&feed=$matches[1]"";s:37:""index.php/(feed|rdf|rss|rss2|atom)/?$"";s:27:""index.php?&feed=$matches[1]"";s:30:""index.php/page/?([0-9]{1,})/?$"";s:28:""index.php?&paged=$matches[1]"";s:37:""index.php/comment-page-([0-9]{1,})/?$"";s:38:""index.php?&page_id=9&cpage=$matches[1]"";s:51:""index.php/comments/feed/(feed|rdf|rss|rss2|atom)/?$"";s:42:""index.php?&feed=$matches[1]&withcomments=1"";s:46:""index.php/comments/(feed|rdf|rss|rss2|atom)/?$"";s:42:""index.php?&feed=$matches[1]&withcomments=1"";s:54:""index.php/search/(.+)/feed/(feed|rdf|rss|rss2|atom)/?$"";s:40:""index.php?s=$matches[1]&feed=$matches[2]"";s:49:""index.php/search/(.+)/(feed|rdf|rss|rss2|atom)/?$"";s:40:""index.php?s=$matches[1]&feed=$matches[2]"";s:42:""index.php/search/(.+)/page/?([0-9]{1,})/?$"";s:41:""index.php?s=$matches[1]&paged=$matches[2]"";s:24:""index.php/search/(.+)/?$"";s:23:""index.php?s=$matches[1]"";s:57:""index.php/author/([^/]+)/feed/(feed|rdf|rss|rss2|atom)/?$"";s:50:""index.php?author_name=$matches[1]&feed=$matches[2]"";s:52:""index.php/author/([^/]+)/(feed|rdf|rss|rss2|atom)/?$"";s:50:""index.php?author_name=$matches[1]&feed=$matches[2]"";s:45:""index.php/author/([^/]+)/page/?([0-9]{1,})/?$"";s:51:""index.php?author_name=$matches[1]&paged=$matches[2]"";s:27:""index.php/author/([^/]+)/?$"";s:33:""index.php?author_name=$matches[1]"";s:79:""index.php/([0-9]{4})/([0-9]{1,2})/([0-9]{1,2})/feed/(feed|rdf|rss|rss2|atom)/?$"";s:80:""index.php?year=$matches[1]&monthnum=$matches[2]&day=$matches[3]&feed=$matches[4]"";s:74:""index.php/([0-9]{4})/([0-9]{1,2})/([0-9]{1,2})/(feed|rdf|rss|rss2|atom)/?$"";s:80:""index.php?year=$matches[1]&monthnum=$matches[2]&day=$matches[3]&feed=$matches[4]"";s:67:""index.php/([0-9]{4})/([0-9]{1,2})/([0-9]{1,2})/page/?([0-9]{1,})/?$"";s:81:""index.php?year=$matches[1]&monthnum=$matches[2]&day=$matches[3]&paged=$matches[4]"";s:49:""index.php/([0-9]{4})/([0-9]{1,2})/([0-9]{1,2})/?$"";s:63:""index.php?year=$matches[1]&monthnum=$matches[2]&day=$matches[3]"";s:66:""index.php/([0-9]{4})/([0-9]{1,2})/feed/(feed|rdf|rss|rss2|atom)/?$"";s:64:""index.php?year=$matches[1]&monthnum=$matches[2]&feed=$matches[3]"";s:61:""index.php/([0-9]{4})/([0-9]{1,2})/(feed|rdf|rss|rss2|atom)/?$"";s:64:""index.php?year=$matches[1]&monthnum=$matches[2]&feed=$matches[3]"";s:54:""index.php/([0-9]{4})/([0-9]{1,2})/page/?([0-9]{1,})/?$"";s:65:""index.php?year=$matches[1]&monthnum=$matches[2]&paged=$matches[3]"";s:36:""index.php/([0-9]{4})/([0-9]{1,2})/?$"";s:47:""index.php?year=$matches[1]&monthnum=$matches[2]"";s:53:""index.php/([0-9]{4})/feed/(feed|rdf|rss|rss2|atom)/?$"";s:43:""index.php?year=$matches[1]&feed=$matches[2]"";s:48:""index.php/([0-9]{4})/(feed|rdf|rss|rss2|atom)/?$"";s:43:""index.php?year=$matches[1]&feed=$matches[2]"";s:41:""index.php/([0-9]{4})/page/?([0-9]{1,})/?$"";s:44:""index.php?year=$matches[1]&paged=$matches[2]"";s:23:""index.php/([0-9]{4})/?$"";s:26:""index.php?year=$matches[1]"";s:68:""index.php/[0-9]{4}/[0-9]{1,2}/[0-9]{1,2}/[^/]+/attachment/([^/]+)/?$"";s:32:""index.php?attachment=$matches[1]"";s:78:""index.php/[0-9]{4}/[0-9]{1,2}/[0-9]{1,2}/[^/]+/attachment/([^/]+)/trackback/?$"";s:37:""index.php?attachment=$matches[1]&tb=1"";s:98:""index.php/[0-9]{4}/[0-9]{1,2}/[0-9]{1,2}/[^/]+/attachment/([^/]+)/feed/(feed|rdf|rss|rss2|atom)/?$"";s:49:""index.php?attachment=$matches[1]&feed=$matches[2]"";s:93:""index.php/[0-9]{4}/[0-9]{1,2}/[0-9]{1,2}/[^/]+/attachment/([^/]+)/(feed|rdf|rss|rss2|atom)/?$"";s:49:""index.php?attachment=$matches[1]&feed=$matches[2]"";s:93:""index.php/[0-9]{4}/[0-9]{1,2}/[0-9]{1,2}/[^/]+/attachment/([^/]+)/comment-page-([0-9]{1,})/?$"";s:50:""index.php?attachment=$matches[1]&cpage=$matches[2]"";s:67:""index.php/([0-9]{4})/([0-9]{1,2})/([0-9]{1,2})/([^/]+)/trackback/?$"";s:85:""index.php?year=$matches[1]&monthnum=$matches[2]&day=$matches[3]&name=$matches[4]&tb=1"";s:87:""index.php/([0-9]{4})/([0-9]{1,2})/([0-9]{1,2})/([^/]+)/feed/(feed|rdf|rss|rss2|atom)/?$"";s:97:""index.php?year=$matches[1]&monthnum=$matches[2]&day=$matches[3]&name=$matches[4]&feed=$matches[5]"";s:82:""index.php/([0-9]{4})/([0-9]{1,2})/([0-9]{1,2})/([^/]+)/(feed|rdf|rss|rss2|atom)/?$"";s:97:""index.php?year=$matches[1]&monthnum=$matches[2]&day=$matches[3]&name=$matches[4]&feed=$matches[5]"";s:75:""index.php/([0-9]{4})/([0-9]{1,2})/([0-9]{1,2})/([^/]+)/page/?([0-9]{1,})/?$"";s:98:""index.php?year=$matches[1]&monthnum=$matches[2]&day=$matches[3]&name=$matches[4]&paged=$matches[5]"";s:82:""index.php/([0-9]{4})/([0-9]{1,2})/([0-9]{1,2})/([^/]+)/comment-page-([0-9]{1,})/?$"";s:98:""index.php?year=$matches[1]&monthnum=$matches[2]&day=$matches[3]&name=$matches[4]&cpage=$matches[5]"";s:67:""index.php/([0-9]{4})/([0-9]{1,2})/([0-9]{1,2})/([^/]+)(/[0-9]+)?/?$"";s:97:""index.php?year=$matches[1]&monthnum=$matches[2]&day=$matches[3]&name=$matches[4]&page=$matches[5]"";s:57:""index.php/[0-9]{4}/[0-9]{1,2}/[0-9]{1,2}/[^/]+/([^/]+)/?$"";s:32:""index.php?attachment=$matches[1]"";s:67:""index.php/[0-9]{4}/[0-9]{1,2}/[0-9]{1,2}/[^/]+/([^/]+)/trackback/?$"";s:37:""index.php?attachment=$matches[1]&tb=1"";s:87:""index.php/[0-9]{4}/[0-9]{1,2}/[0-9]{1,2}/[^/]+/([^/]+)/feed/(feed|rdf|rss|rss2|atom)/?$"";s:49:""index.php?attachment=$matches[1]&feed=$matches[2]"";s:82:""index.php/[0-9]{4}/[0-9]{1,2}/[0-9]{1,2}/[^/]+/([^/]+)/(feed|rdf|rss|rss2|atom)/?$"";s:49:""index.php?attachment=$matches[1]&feed=$matches[2]"";s:82:""index.php/[0-9]{4}/[0-9]{1,2}/[0-9]{1,2}/[^/]+/([^/]+)/comment-page-([0-9]{1,})/?$"";s:50:""index.php?attachment=$matches[1]&cpage=$matches[2]"";s:74:""index.php/([0-9]{4})/([0-9]{1,2})/([0-9]{1,2})/comment-page-([0-9]{1,})/?$"";s:81:""index.php?year=$matches[1]&monthnum=$matches[2]&day=$matches[3]&cpage=$matches[4]"";s:61:""index.php/([0-9]{4})/([0-9]{1,2})/comment-page-([0-9]{1,})/?$"";s:65:""index.php?year=$matches[1]&monthnum=$matches[2]&cpage=$matches[3]"";s:48:""index.php/([0-9]{4})/comment-page-([0-9]{1,})/?$"";s:44:""index.php?year=$matches[1]&cpage=$matches[2]"";s:37:""index.php/.?.+?/attachment/([^/]+)/?$"";s:32:""index.php?attachment=$matches[1]"";s:47:""index.php/.?.+?/attachment/([^/]+)/trackback/?$"";s:37:""index.php?attachment=$matches[1]&tb=1"";s:67:""index.php/.?.+?/attachment/([^/]+)/feed/(feed|rdf|rss|rss2|atom)/?$"";s:49:""index.php?attachment=$matches[1]&feed=$matches[2]"";s:62:""index.php/.?.+?/attachment/([^/]+)/(feed|rdf|rss|rss2|atom)/?$"";s:49:""index.php?attachment=$matches[1]&feed=$matches[2]"";s:62:""index.php/.?.+?/attachment/([^/]+)/comment-page-([0-9]{1,})/?$"";s:50:""index.php?attachment=$matches[1]&cpage=$matches[2]"";s:30:""index.php/(.?.+?)/trackback/?$"";s:35:""index.php?pagename=$matches[1]&tb=1"";s:50:""index.php/(.?.+?)/feed/(feed|rdf|rss|rss2|atom)/?$"";s:47:""index.php?pagename=$matches[1]&feed=$matches[2]"";s:45:""index.php/(.?.+?)/(feed|rdf|rss|rss2|atom)/?$"";s:47:""index.php?pagename=$matches[1]&feed=$matches[2]"";s:38:""index.php/(.?.+?)/page/?([0-9]{1,})/?$"";s:48:""index.php?pagename=$matches[1]&paged=$matches[2]"";s:45:""index.php/(.?.+?)/comment-page-([0-9]{1,})/?$"";s:48:""index.php?pagename=$matches[1]&cpage=$matches[2]"";s:30:""index.php/(.?.+?)(/[0-9]+)?/?$"";s:47:""index.php?pagename=$matches[1]&page=$matches[2]"";}","yes"
"283","theme_switched_via_customizer",,"yes"
"289","jetpack_options","a:3:{s:7:""version"";s:16:""3.5.3:1433883337"";s:11:""old_version"";s:16:""3.5.3:1433883337"";s:28:""fallback_no_verify_ssl_certs"";i:0;}","yes"
"290","jetpack_activated","1","yes"
"291","jetpack_file_data","a:1:{s:5:""3.5.3"";a:96:{s:32:""8387f4d9286e0d75a6ffdd38ca2f3d7a"";a:13:{s:4:""name"";s:20:""Spelling and Grammar"";s:11:""description"";s:89:""Check your spelling, style, and grammar with the After the Deadline proofreading service."";s:14:""jumpstart_desc"";s:0:"""";s:4:""sort"";s:1:""6"";s:20:""recommendation_order"";s:0:"""";s:10:""introduced"";s:3:""1.1"";s:7:""changed"";s:0:"""";s:10:""deactivate"";s:0:"""";s:4:""free"";s:0:"""";s:19:""requires_connection"";s:3:""Yes"";s:13:""auto_activate"";s:3:""Yes"";s:11:""module_tags"";s:7:""Writing"";s:7:""feature"";s:0:"""";}s:32:""a9ba95b83c2e35efd963e726880ccaa0"";a:13:{s:4:""name"";s:8:""Carousel"";s:11:""description"";s:63:""Transform standard image galleries into full-screen slideshows."";s:14:""jumpstart_desc"";s:79:""brings your photos and images to life as full-size, easily navigable galleries."";s:4:""sort"";s:2:""22"";s:20:""recommendation_order"";s:2:""12"";s:10:""introduced"";s:3:""1.5"";s:7:""changed"";s:0:"""";s:10:""deactivate"";s:0:"""";s:4:""free"";s:0:"""";s:19:""requires_connection"";s:2:""No"";s:13:""auto_activate"";s:2:""No"";s:11:""module_tags"";s:17:""Photos and Videos"";s:7:""feature"";s:9:""Jumpstart"";}s:32:""81d0234810cefb66b5b5c70f70fb911d"";a:13:{s:4:""name"";s:16:""Jetpack Comments"";s:11:""description"";s:79:""Let readers comment with WordPress.com, Twitter, Facebook, or Google+ accounts."";s:14:""jumpstart_desc"";s:0:"""";s:4:""sort"";s:2:""20"";s:20:""recommendation_order"";s:0:"""";s:10:""introduced"";s:3:""1.4"";s:7:""changed"";s:0:"""";s:10:""deactivate"";s:0:"""";s:4:""free"";s:0:"""";s:19:""requires_connection"";s:3:""Yes"";s:13:""auto_activate"";s:2:""No"";s:11:""module_tags"";s:6:""Social"";s:7:""feature"";s:0:"""";}s:32:""acdd0a6c403a726f94f1524f6bbe5812"";a:13:{s:4:""name"";s:12:""Contact Form"";s:11:""description"";s:44:""Insert a contact form anywhere on your site."";s:14:""jumpstart_desc"";s:111:""adds a button to your post and page editors, allowing you to build simple forms to help visitors stay in touch."";s:4:""sort"";s:2:""15"";s:20:""recommendation_order"";s:2:""14"";s:10:""introduced"";s:3:""1.3"";s:7:""changed"";s:0:"""";s:10:""deactivate"";s:0:"""";s:4:""free"";s:0:"""";s:19:""requires_connection"";s:2:""No"";s:13:""auto_activate"";s:3:""Yes"";s:11:""module_tags"";s:5:""Other"";s:7:""feature"";s:9:""Jumpstart"";}s:32:""c2f46048b6a62c8b31a5652ffa14b309"";a:13:{s:4:""name"";s:20:""Custom Content Types"";s:11:""description"";s:92:""Organize and display different types of content on your site, separate from posts and pages."";s:14:""jumpstart_desc"";s:0:"""";s:4:""sort"";s:2:""34"";s:20:""recommendation_order"";s:0:"""";s:10:""introduced"";s:3:""3.1"";s:7:""changed"";s:0:"""";s:10:""deactivate"";s:0:"""";s:4:""free"";s:0:"""";s:19:""requires_connection"";s:2:""No"";s:13:""auto_activate"";s:3:""Yes"";s:11:""module_tags"";s:7:""Writing"";s:7:""feature"";s:0:"""";}s:32:""500333e167855040a236899eca83f47a"";a:13:{s:4:""name"";s:10:""Custom CSS"";s:11:""description"";s:57:""Customize your site’s CSS without modifying your theme."";s:14:""jumpstart_desc"";s:0:"""";s:4:""sort"";s:1:""2"";s:20:""recommendation_order"";s:0:"""";s:10:""introduced"";s:3:""1.7"";s:7:""changed"";s:0:"""";s:10:""deactivate"";s:0:"""";s:4:""free"";s:0:"""";s:19:""requires_connection"";s:2:""No"";s:13:""auto_activate"";s:3:""Yes"";s:11:""module_tags"";s:10:""Appearance"";s:7:""feature"";s:0:"""";}s:32:""e674d855400ff28c2e613a75af00ca83"";a:13:{s:4:""name"";s:0:"""";s:11:""description"";s:0:"""";s:14:""jumpstart_desc"";s:0:"""";s:4:""sort"";s:0:"""";s:20:""recommendation_order"";s:0:"""";s:10:""introduced"";s:0:"""";s:7:""changed"";s:0:"""";s:10:""deactivate"";s:0:"""";s:4:""free"";s:0:"""";s:19:""requires_connection"";s:0:"""";s:13:""auto_activate"";s:0:"""";s:11:""module_tags"";s:0:"""";s:7:""feature"";s:0:"""";}s:32:""386a0486b3caee2ad69aecce6d994dda"";a:13:{s:4:""name"";s:21:""Enhanced Distribution"";s:11:""description"";s:74:""Share your public posts and comments to search engines and other services."";s:14:""jumpstart_desc"";s:0:"""";s:4:""sort"";s:1:""5"";s:20:""recommendation_order"";s:0:"""";s:10:""introduced"";s:3:""1.2"";s:7:""changed"";s:0:"""";s:10:""deactivate"";s:0:"""";s:4:""free"";s:0:"""";s:19:""requires_connection"";s:3:""Yes"";s:13:""auto_activate"";s:6:""Public"";s:11:""module_tags"";s:7:""Writing"";s:7:""feature"";s:0:"""";}s:32:""7a6d3773c5e50006beeded7776d6fcce"";a:13:{s:4:""name"";s:0:"""";s:11:""description"";s:0:"""";s:14:""jumpstart_desc"";s:0:"""";s:4:""sort"";s:0:"""";s:20:""recommendation_order"";s:0:"""";s:10:""introduced"";s:0:"""";s:7:""changed"";s:0:"""";s:10:""deactivate"";s:0:"""";s:4:""free"";s:0:"""";s:19:""requires_connection"";s:0:"""";s:13:""auto_activate"";s:0:"""";s:11:""module_tags"";s:0:"""";s:7:""feature"";s:0:"""";}s:32:""3911cf04f119e4071341b74b7878a9fd"";a:13:{s:4:""name"";s:19:""Gravatar Hovercards"";s:11:""description"";s:58:""Enable pop-up business cards over commenters’ Gravatars."";s:14:""jumpstart_desc"";s:131:""let commenters link their profiles to their Gravatar accounts, making it easy for your visitors to learn more about your community."";s:4:""sort"";s:2:""11"";s:20:""recommendation_order"";s:2:""13"";s:10:""introduced"";s:3:""1.1"";s:7:""changed"";s:0:"""";s:10:""deactivate"";s:0:"""";s:4:""free"";s:0:"""";s:19:""requires_connection"";s:2:""No"";s:13:""auto_activate"";s:3:""Yes"";s:11:""module_tags"";s:18:""Social, Appearance"";s:7:""feature"";s:9:""Jumpstart"";}s:32:""14a25cffca0dd82c97646a0226c7f10f"";a:13:{s:4:""name"";s:0:"""";s:11:""description"";s:0:"""";s:14:""jumpstart_desc"";s:0:"""";s:4:""sort"";s:0:"""";s:20:""recommendation_order"";s:0:"""";s:10:""introduced"";s:8:""2.0.3 ??"";s:7:""changed"";s:0:"""";s:10:""deactivate"";s:0:"""";s:4:""free"";s:0:"""";s:19:""requires_connection"";s:2:""No"";s:13:""auto_activate"";s:3:""Yes"";s:11:""module_tags"";s:0:"""";s:7:""feature"";s:0:"""";}s:32:""81f007bac52dd9137a253ef0563bbdcc"";a:13:{s:4:""name"";s:15:""Infinite Scroll"";s:11:""description"";s:46:""Add support for infinite scroll to your theme."";s:14:""jumpstart_desc"";s:0:"""";s:4:""sort"";s:2:""26"";s:20:""recommendation_order"";s:0:"""";s:10:""introduced"";s:3:""2.0"";s:7:""changed"";s:0:"""";s:10:""deactivate"";s:0:"""";s:4:""free"";s:0:"""";s:19:""requires_connection"";s:2:""No"";s:13:""auto_activate"";s:2:""No"";s:11:""module_tags"";s:10:""Appearance"";s:7:""feature"";s:0:"""";}s:32:""8278c39ec40745e2367a3e28ded8ba37"";a:13:{s:4:""name"";s:8:""JSON API"";s:11:""description"";s:69:""Allow applications to securely access your content through the cloud."";s:14:""jumpstart_desc"";s:0:"""";s:4:""sort"";s:2:""19"";s:20:""recommendation_order"";s:0:"""";s:10:""introduced"";s:3:""1.9"";s:7:""changed"";s:0:"""";s:10:""deactivate"";s:0:"""";s:4:""free"";s:0:"""";s:19:""requires_connection"";s:3:""Yes"";s:13:""auto_activate"";s:6:""Public"";s:11:""module_tags"";s:19:""Writing, Developers"";s:7:""feature"";s:0:"""";}s:32:""fa96a2b0dab87a2a55a62afdc93a1911"";a:13:{s:4:""name"";s:14:""Beautiful Math"";s:11:""description"";s:85:""Use LaTeX markup language in posts and pages for complex equations and other geekery."";s:14:""jumpstart_desc"";s:0:"""";s:4:""sort"";s:2:""12"";s:20:""recommendation_order"";s:0:"""";s:10:""introduced"";s:3:""1.1"";s:7:""changed"";s:0:"""";s:10:""deactivate"";s:0:"""";s:4:""free"";s:0:"""";s:19:""requires_connection"";s:2:""No"";s:13:""auto_activate"";s:3:""Yes"";s:11:""module_tags"";s:7:""Writing"";s:7:""feature"";s:0:"""";}s:32:""d860241b5c926369849a35b5057e6847"";a:13:{s:4:""name"";s:5:""Likes"";s:11:""description"";s:70:""Give visitors an easy way to show their appreciation for your content."";s:14:""jumpstart_desc"";s:0:"""";s:4:""sort"";s:2:""23"";s:20:""recommendation_order"";s:0:"""";s:10:""introduced"";s:3:""2.2"";s:7:""changed"";s:0:"""";s:10:""deactivate"";s:0:"""";s:4:""free"";s:0:"""";s:19:""requires_connection"";s:3:""Yes"";s:13:""auto_activate"";s:2:""No"";s:11:""module_tags"";s:6:""Social"";s:7:""feature"";s:0:"""";}s:32:""1d7278ec3d62fd499216ed61e5b4ba72"";a:13:{s:4:""name"";s:6:""Manage"";s:11:""description"";s:76:""Manage all your sites from a centralized place, https://wordpress.com/sites."";s:14:""jumpstart_desc"";s:151:""helps you remotely manage plugins, turn on automated updates, and more from <a href=""https://wordpress.com/plugins/"" target=""_blank"">wordpress.com</a>."";s:4:""sort"";s:1:""1"";s:20:""recommendation_order"";s:1:""3"";s:10:""introduced"";s:3:""3.4"";s:7:""changed"";s:0:"""";s:10:""deactivate"";s:0:"""";s:4:""free"";s:0:"""";s:19:""requires_connection"";s:3:""Yes"";s:13:""auto_activate"";s:2:""No"";s:11:""module_tags"";s:35:""Centralized Management, Recommended"";s:7:""feature"";s:22:""Recommended, Jumpstart"";}s:32:""b585bcf8354c9d72a4781795d2ce7281"";a:13:{s:4:""name"";s:8:""Markdown"";s:11:""description"";s:51:""Write posts or pages in plain-text Markdown syntax."";s:14:""jumpstart_desc"";s:0:"""";s:4:""sort"";s:2:""31"";s:20:""recommendation_order"";s:0:"""";s:10:""introduced"";s:3:""2.8"";s:7:""changed"";s:0:"""";s:10:""deactivate"";s:0:"""";s:4:""free"";s:0:"""";s:19:""requires_connection"";s:2:""No"";s:13:""auto_activate"";s:2:""No"";s:11:""module_tags"";s:7:""Writing"";s:7:""feature"";s:0:"""";}s:32:""73148b4ce7e56154d92d53b1ae4f2435"";a:13:{s:4:""name"";s:12:""Mobile Theme"";s:11:""description"";s:64:""Optimize your site with a mobile-friendly theme for smartphones."";s:14:""jumpstart_desc"";s:0:"""";s:4:""sort"";s:2:""21"";s:20:""recommendation_order"";s:2:""11"";s:10:""introduced"";s:3:""1.8"";s:7:""changed"";s:0:"""";s:10:""deactivate"";s:0:"""";s:4:""free"";s:0:"""";s:19:""requires_connection"";s:2:""No"";s:13:""auto_activate"";s:2:""No"";s:11:""module_tags"";s:31:""Appearance, Mobile, Recommended"";s:7:""feature"";s:11:""Recommended"";}s:32:""a893827ebf88a94dc9943e972b07e497"";a:13:{s:4:""name"";s:0:"""";s:11:""description"";s:0:"""";s:14:""jumpstart_desc"";s:0:"""";s:4:""sort"";s:0:"""";s:20:""recommendation_order"";s:0:"""";s:10:""introduced"";s:0:"""";s:7:""changed"";s:0:"""";s:10:""deactivate"";s:0:"""";s:4:""free"";s:0:"""";s:19:""requires_connection"";s:0:"""";s:13:""auto_activate"";s:0:"""";s:11:""module_tags"";s:0:"""";s:7:""feature"";s:0:"""";}s:32:""39ccdd966401a003973209f1d6ab1cad"";a:13:{s:4:""name"";s:0:"""";s:11:""description"";s:0:"""";s:14:""jumpstart_desc"";s:0:"""";s:4:""sort"";s:0:"""";s:20:""recommendation_order"";s:0:"""";s:10:""introduced"";s:0:"""";s:7:""changed"";s:0:"""";s:10:""deactivate"";s:0:"""";s:4:""free"";s:0:"""";s:19:""requires_connection"";s:0:"""";s:13:""auto_activate"";s:0:"""";s:11:""module_tags"";s:0:"""";s:7:""feature"";s:0:"""";}s:32:""d7498f6ae339d538d599000a55a97c61"";a:13:{s:4:""name"";s:0:"""";s:11:""description"";s:0:"""";s:14:""jumpstart_desc"";s:0:"""";s:4:""sort"";s:0:"""";s:20:""recommendation_order"";s:0:"""";s:10:""introduced"";s:0:"""";s:7:""changed"";s:0:"""";s:10:""deactivate"";s:0:"""";s:4:""free"";s:0:"""";s:19:""requires_connection"";s:0:"""";s:13:""auto_activate"";s:0:"""";s:11:""module_tags"";s:0:"""";s:7:""feature"";s:0:"""";}s:32:""b10a401e9803c022d7fc24207ec50e68"";a:13:{s:4:""name"";s:0:"""";s:11:""description"";s:0:"""";s:14:""jumpstart_desc"";s:0:"""";s:4:""sort"";s:0:"""";s:20:""recommendation_order"";s:0:"""";s:10:""introduced"";s:0:"""";s:7:""changed"";s:0:"""";s:10:""deactivate"";s:0:"""";s:4:""free"";s:0:"""";s:19:""requires_connection"";s:0:"""";s:13:""auto_activate"";s:0:"""";s:11:""module_tags"";s:0:"""";s:7:""feature"";s:0:"""";}s:32:""13855a1f804fd0a9f6d1ef39df97c2cd"";a:13:{s:4:""name"";s:7:""Monitor"";s:11:""description"";s:88:""Receive notifications from Jetpack if your site goes offline — and when it it returns."";s:14:""jumpstart_desc"";s:0:"""";s:4:""sort"";s:2:""28"";s:20:""recommendation_order"";s:2:""10"";s:10:""introduced"";s:3:""2.6"";s:7:""changed"";s:0:"""";s:10:""deactivate"";s:0:"""";s:4:""free"";s:0:"""";s:19:""requires_connection"";s:3:""Yes"";s:13:""auto_activate"";s:2:""No"";s:11:""module_tags"";s:11:""Recommended"";s:7:""feature"";s:11:""Recommended"";}s:32:""af76c43b9214b79c619741e37020371a"";a:13:{s:4:""name"";s:13:""Notifications"";s:11:""description"";s:84:""Receive notification of site activity via the admin toolbar and your Mobile devices."";s:14:""jumpstart_desc"";s:0:"""";s:4:""sort"";s:2:""13"";s:20:""recommendation_order"";s:0:"""";s:10:""introduced"";s:3:""1.9"";s:7:""changed"";s:0:"""";s:10:""deactivate"";s:0:"""";s:4:""free"";s:0:"""";s:19:""requires_connection"";s:3:""Yes"";s:13:""auto_activate"";s:3:""Yes"";s:11:""module_tags"";s:5:""Other"";s:7:""feature"";s:0:"""";}s:32:""cb3d0d12ed14dd7c821bba2b5ce6924e"";a:13:{s:4:""name"";s:10:""Omnisearch"";s:11:""description"";s:66:""Search your entire database from a single field in your Dashboard."";s:14:""jumpstart_desc"";s:0:"""";s:4:""sort"";s:2:""16"";s:20:""recommendation_order"";s:0:"""";s:10:""introduced"";s:3:""2.3"";s:7:""changed"";s:0:"""";s:10:""deactivate"";s:0:"""";s:4:""free"";s:0:"""";s:19:""requires_connection"";s:2:""No"";s:13:""auto_activate"";s:3:""Yes"";s:11:""module_tags"";s:10:""Developers"";s:7:""feature"";s:0:"""";}s:32:""3cbdf1586341edf7e702b2f25738b97b"";a:13:{s:4:""name"";s:6:""Photon"";s:11:""description"";s:66:""Accelerate your site by loading images from the WordPress.com CDN."";s:14:""jumpstart_desc"";s:141:""mirrors and serves your images from our free and fast image CDN, improving your site’s performance with no additional load on your servers."";s:4:""sort"";s:2:""25"";s:20:""recommendation_order"";s:1:""1"";s:10:""introduced"";s:3:""2.0"";s:7:""changed"";s:0:"""";s:10:""deactivate"";s:0:"""";s:4:""free"";s:0:"""";s:19:""requires_connection"";s:3:""Yes"";s:13:""auto_activate"";s:2:""No"";s:11:""module_tags"";s:42:""Photos and Videos, Appearance, Recommended"";s:7:""feature"";s:22:""Recommended, Jumpstart"";}s:32:""a96137a7473ad6ec82d3259b2be36df0"";a:13:{s:4:""name"";s:13:""Post by Email"";s:11:""description"";s:58:""Publish posts by email, using any device and email client."";s:14:""jumpstart_desc"";s:0:"""";s:4:""sort"";s:2:""14"";s:20:""recommendation_order"";s:0:"""";s:10:""introduced"";s:3:""2.0"";s:7:""changed"";s:0:"""";s:10:""deactivate"";s:0:"""";s:4:""free"";s:0:"""";s:19:""requires_connection"";s:3:""Yes"";s:13:""auto_activate"";s:3:""Yes"";s:11:""module_tags"";s:7:""Writing"";s:7:""feature"";s:0:"""";}s:32:""0548b33cea255efd98e4e58a2c920e88"";a:13:{s:4:""name"";s:7:""Protect"";s:11:""description"";s:70:""Adds brute force protection to your login page. Formerly BruteProtect."";s:14:""jumpstart_desc"";s:0:"""";s:4:""sort"";s:1:""1"";s:20:""recommendation_order"";s:1:""4"";s:10:""introduced"";s:3:""3.4"";s:7:""changed"";s:0:"""";s:10:""deactivate"";s:0:"""";s:4:""free"";s:0:"""";s:19:""requires_connection"";s:3:""Yes"";s:13:""auto_activate"";s:3:""Yes"";s:11:""module_tags"";s:11:""Recommended"";s:7:""feature"";s:11:""Recommended"";}s:32:""c1d4f03694cf23b91e15f730d10572c8"";a:13:{s:4:""name"";s:9:""Publicize"";s:11:""description"";s:55:""Share new posts on social media networks automatically."";s:14:""jumpstart_desc"";s:0:"""";s:4:""sort"";s:2:""10"";s:20:""recommendation_order"";s:1:""7"";s:10:""introduced"";s:3:""2.0"";s:7:""changed"";s:0:"""";s:10:""deactivate"";s:0:"""";s:4:""free"";s:0:"""";s:19:""requires_connection"";s:3:""Yes"";s:13:""auto_activate"";s:3:""Yes"";s:11:""module_tags"";s:19:""Social, Recommended"";s:7:""feature"";s:11:""Recommended"";}s:32:""03db003dbf94e61a49fb6a9534481e0d"";a:13:{s:4:""name"";s:0:"""";s:11:""description"";s:0:"""";s:14:""jumpstart_desc"";s:0:"""";s:4:""sort"";s:0:"""";s:20:""recommendation_order"";s:0:"""";s:10:""introduced"";s:0:"""";s:7:""changed"";s:0:"""";s:10:""deactivate"";s:0:"""";s:4:""free"";s:0:"""";s:19:""requires_connection"";s:0:"""";s:13:""auto_activate"";s:0:"""";s:11:""module_tags"";s:0:"""";s:7:""feature"";s:0:"""";}s:32:""dfd9e252fd9cb95712834288d05f3240"";a:13:{s:4:""name"";s:13:""Related Posts"";s:11:""description"";s:60:""Display links to your related content under posts and pages."";s:14:""jumpstart_desc"";s:113:""keep visitors engaged on your blog by highlighting relevant and new content at the bottom of each published post."";s:4:""sort"";s:2:""29"";s:20:""recommendation_order"";s:1:""9"";s:10:""introduced"";s:3:""2.9"";s:7:""changed"";s:0:"""";s:10:""deactivate"";s:0:"""";s:4:""free"";s:0:"""";s:19:""requires_connection"";s:3:""Yes"";s:13:""auto_activate"";s:2:""No"";s:11:""module_tags"";s:11:""Recommended"";s:7:""feature"";s:22:""Recommended, Jumpstart"";}s:32:""8f80216ce9d3368ffb74e88972bf89a1"";a:13:{s:4:""name"";s:7:""Sharing"";s:11:""description"";s:81:""Allow visitors to share your content on Facebook, Twitter, and more with a click."";s:14:""jumpstart_desc"";s:116:""Twitter, Facebook and Google+ buttons at the bottom of each post, making it easy for visitors to share your content."";s:4:""sort"";s:1:""7"";s:20:""recommendation_order"";s:1:""6"";s:10:""introduced"";s:3:""1.1"";s:7:""changed"";s:3:""1.2"";s:10:""deactivate"";s:0:"""";s:4:""free"";s:0:"""";s:19:""requires_connection"";s:2:""No"";s:13:""auto_activate"";s:3:""Yes"";s:11:""module_tags"";s:19:""Social, Recommended"";s:7:""feature"";s:22:""Recommended, Jumpstart"";}s:32:""cca45a0ee995008c67156bdaa8a4c865"";a:13:{s:4:""name"";s:16:""Shortcode Embeds"";s:11:""description"";s:77:""Embed content from YouTube, Vimeo, SlideShare, and more, no coding necessary."";s:14:""jumpstart_desc"";s:0:"""";s:4:""sort"";s:1:""3"";s:20:""recommendation_order"";s:0:"""";s:10:""introduced"";s:3:""1.1"";s:7:""changed"";s:3:""1.2"";s:10:""deactivate"";s:0:"""";s:4:""free"";s:0:"""";s:19:""requires_connection"";s:2:""No"";s:13:""auto_activate"";s:3:""Yes"";s:11:""module_tags"";s:46:""Photos and Videos, Social, Writing, Appearance"";s:7:""feature"";s:0:"""";}s:32:""1c0eff6c2559a3ec7d82962178c27539"";a:13:{s:4:""name"";s:16:""WP.me Shortlinks"";s:11:""description"";s:56:""Enable WP.me-powered shortlinks for all posts and pages."";s:14:""jumpstart_desc"";s:0:"""";s:4:""sort"";s:1:""8"";s:20:""recommendation_order"";s:0:"""";s:10:""introduced"";s:3:""1.1"";s:7:""changed"";s:0:"""";s:10:""deactivate"";s:0:"""";s:4:""free"";s:0:"""";s:19:""requires_connection"";s:3:""Yes"";s:13:""auto_activate"";s:3:""Yes"";s:11:""module_tags"";s:6:""Social"";s:7:""feature"";s:0:"""";}s:32:""09603fe6fdaf3da972570fb1d0789237"";a:13:{s:4:""name"";s:9:""Site Icon"";s:11:""description"";s:29:""Add a site icon to your site."";s:14:""jumpstart_desc"";s:0:"""";s:4:""sort"";s:2:""22"";s:20:""recommendation_order"";s:0:"""";s:10:""introduced"";s:3:""3.2"";s:7:""changed"";s:0:"""";s:10:""deactivate"";s:0:"""";s:4:""free"";s:0:"""";s:19:""requires_connection"";s:2:""No"";s:13:""auto_activate"";s:2:""No"";s:11:""module_tags"";s:5:""Other"";s:7:""feature"";s:0:"""";}s:32:""60b0acbe717774416fd990d05454f22b"";a:13:{s:4:""name"";s:0:"""";s:11:""description"";s:0:"""";s:14:""jumpstart_desc"";s:0:"""";s:4:""sort"";s:0:"""";s:20:""recommendation_order"";s:0:"""";s:10:""introduced"";s:0:"""";s:7:""changed"";s:0:"""";s:10:""deactivate"";s:0:"""";s:4:""free"";s:0:"""";s:19:""requires_connection"";s:0:"""";s:13:""auto_activate"";s:0:"""";s:11:""module_tags"";s:0:"""";s:7:""feature"";s:0:"""";}s:32:""9580defb77f5df6a1a050ace7d98cff8"";a:13:{s:4:""name"";s:22:""Jetpack Single Sign On"";s:11:""description"";s:62:""Allow your users to log in using their WordPress.com accounts."";s:14:""jumpstart_desc"";s:97:""lets you login to all your Jetpack-enabled sites with one click using your WordPress.com account."";s:4:""sort"";s:2:""30"";s:20:""recommendation_order"";s:1:""5"";s:10:""introduced"";s:3:""2.6"";s:7:""changed"";s:0:"""";s:10:""deactivate"";s:0:"""";s:4:""free"";s:0:"""";s:19:""requires_connection"";s:3:""Yes"";s:13:""auto_activate"";s:2:""No"";s:11:""module_tags"";s:10:""Developers"";s:7:""feature"";s:9:""Jumpstart"";}s:32:""a936591ad3db046b30d3d758885b1279"";a:13:{s:4:""name"";s:19:""WordPress.com Stats"";s:11:""description"";s:85:""Monitor your stats with clear, concise reports and no additional load on your server."";s:14:""jumpstart_desc"";s:0:"""";s:4:""sort"";s:1:""1"";s:20:""recommendation_order"";s:1:""2"";s:10:""introduced"";s:3:""1.1"";s:7:""changed"";s:0:"""";s:10:""deactivate"";s:0:"""";s:4:""free"";s:0:"""";s:19:""requires_connection"";s:3:""Yes"";s:13:""auto_activate"";s:3:""Yes"";s:11:""module_tags"";s:32:""WordPress.com Stats, Recommended"";s:7:""feature"";s:11:""Recommended"";}s:32:""a1d30cd4ea994bd26e46d7c16757a10f"";a:13:{s:4:""name"";s:13:""Subscriptions"";s:11:""description"";s:88:""Allow users to subscribe to your posts and comments and receive notifications via email."";s:14:""jumpstart_desc"";s:126:""give visitors two easy subscription options — while commenting, or via a separate email subscription widget you can display."";s:4:""sort"";s:1:""9"";s:20:""recommendation_order"";s:1:""8"";s:10:""introduced"";s:3:""1.2"";s:7:""changed"";s:0:"""";s:10:""deactivate"";s:0:"""";s:4:""free"";s:0:"""";s:19:""requires_connection"";s:3:""Yes"";s:13:""auto_activate"";s:3:""Yes"";s:11:""module_tags"";s:6:""Social"";s:7:""feature"";s:9:""Jumpstart"";}s:32:""2880351ec7b16c5235a2490f16e566fa"";a:13:{s:4:""name"";s:0:"""";s:11:""description"";s:0:"""";s:14:""jumpstart_desc"";s:0:"""";s:4:""sort"";s:0:"""";s:20:""recommendation_order"";s:0:"""";s:10:""introduced"";s:0:"""";s:7:""changed"";s:0:"""";s:10:""deactivate"";s:0:"""";s:4:""free"";s:0:"""";s:19:""requires_connection"";s:0:"""";s:13:""auto_activate"";s:0:"""";s:11:""module_tags"";s:0:"""";s:7:""feature"";s:0:"""";}s:32:""4c32e716be11619c81597b4cf429508f"";a:13:{s:4:""name"";s:15:""Tiled Galleries"";s:11:""description"";s:73:""Display your image galleries in a variety of sleek, graphic arrangements."";s:14:""jumpstart_desc"";s:0:"""";s:4:""sort"";s:2:""24"";s:20:""recommendation_order"";s:0:"""";s:10:""introduced"";s:3:""2.1"";s:7:""changed"";s:0:"""";s:10:""deactivate"";s:0:"""";s:4:""free"";s:0:"""";s:19:""requires_connection"";s:2:""No"";s:13:""auto_activate"";s:2:""No"";s:11:""module_tags"";s:17:""Photos and Videos"";s:7:""feature"";s:0:"""";}s:32:""32f4e5f770fe285a6fce2365f6412263"";a:13:{s:4:""name"";s:0:"""";s:11:""description"";s:0:"""";s:14:""jumpstart_desc"";s:0:"""";s:4:""sort"";s:0:"""";s:20:""recommendation_order"";s:0:"""";s:10:""introduced"";s:0:"""";s:7:""changed"";s:0:"""";s:10:""deactivate"";s:0:"""";s:4:""free"";s:0:"""";s:19:""requires_connection"";s:0:"""";s:13:""auto_activate"";s:0:"""";s:11:""module_tags"";s:0:"""";s:7:""feature"";s:0:"""";}s:32:""c63e6c72bac0a1729888414cdf1ef743"";a:13:{s:4:""name"";s:10:""VaultPress"";s:11:""description"";s:85:""Protect your site with automatic backups and security scans. (Subscription required.)"";s:14:""jumpstart_desc"";s:0:"""";s:4:""sort"";s:2:""32"";s:20:""recommendation_order"";s:0:"""";s:10:""introduced"";s:5:""0:1.2"";s:7:""changed"";s:0:"""";s:10:""deactivate"";s:5:""false"";s:4:""free"";s:5:""false"";s:19:""requires_connection"";s:3:""Yes"";s:13:""auto_activate"";s:3:""Yes"";s:11:""module_tags"";s:0:"""";s:7:""feature"";s:0:"""";}s:32:""ebf645f8fdb24958d2eaffed4d8284d9"";a:13:{s:4:""name"";s:17:""Site Verification"";s:11:""description"";s:78:""Verify your site or domain with Google Webmaster Tools, Pinterest, and others."";s:14:""jumpstart_desc"";s:0:"""";s:4:""sort"";s:2:""33"";s:20:""recommendation_order"";s:0:"""";s:10:""introduced"";s:3:""3.0"";s:7:""changed"";s:0:"""";s:10:""deactivate"";s:0:"""";s:4:""free"";s:0:"""";s:19:""requires_connection"";s:2:""No"";s:13:""auto_activate"";s:3:""Yes"";s:11:""module_tags"";s:0:"""";s:7:""feature"";s:0:"""";}s:32:""e5b794d0be554b62cea1ce3987b46df0"";a:13:{s:4:""name"";s:10:""VideoPress"";s:11:""description"";s:68:""Upload and embed videos right on your site. (Subscription required.)"";s:14:""jumpstart_desc"";s:0:"""";s:4:""sort"";s:2:""27"";s:20:""recommendation_order"";s:0:"""";s:10:""introduced"";s:3:""2.5"";s:7:""changed"";s:0:"""";s:10:""deactivate"";s:0:"""";s:4:""free"";s:5:""false"";s:19:""requires_connection"";s:3:""Yes"";s:13:""auto_activate"";s:0:"""";s:11:""module_tags"";s:17:""Photos and Videos"";s:7:""feature"";s:0:"""";}s:32:""d15f6c2fa4a443cd0349c8793d39a6dd"";a:13:{s:4:""name"";s:21:""Extra Sidebar Widgets"";s:11:""description"";s:79:""Add images, Twitter streams, your site’s RSS links, and more to your sidebar."";s:14:""jumpstart_desc"";s:0:"""";s:4:""sort"";s:1:""4"";s:20:""recommendation_order"";s:0:"""";s:10:""introduced"";s:3:""1.2"";s:7:""changed"";s:0:"""";s:10:""deactivate"";s:0:"""";s:4:""free"";s:0:"""";s:19:""requires_connection"";s:2:""No"";s:13:""auto_activate"";s:3:""Yes"";s:11:""module_tags"";s:18:""Social, Appearance"";s:7:""feature"";s:0:"""";}s:32:""ba03cd41bdf21146377f690956968c65"";a:13:{s:4:""name"";s:17:""Widget Visibility"";s:11:""description"";s:57:""Specify which widgets appear on which pages of your site."";s:14:""jumpstart_desc"";s:0:"""";s:4:""sort"";s:2:""17"";s:20:""recommendation_order"";s:0:"""";s:10:""introduced"";s:3:""2.4"";s:7:""changed"";s:0:"""";s:10:""deactivate"";s:0:"""";s:4:""free"";s:0:"""";s:19:""requires_connection"";s:2:""No"";s:13:""auto_activate"";s:3:""Yes"";s:11:""module_tags"";s:10:""Appearance"";s:7:""feature"";s:0:"""";}s:32:""39cef9d943625c4c1cb1d4ce8097681a"";a:13:{s:4:""name"";s:0:"""";s:11:""description"";s:0:"""";s:14:""jumpstart_desc"";s:0:"""";s:4:""sort"";s:0:"""";s:20:""recommendation_order"";s:0:"""";s:10:""introduced"";s:0:"""";s:7:""changed"";s:0:"""";s:10:""deactivate"";s:0:"""";s:4:""free"";s:0:"""";s:19:""requires_connection"";s:0:"""";s:13:""auto_activate"";s:0:"""";s:11:""module_tags"";s:0:"""";s:7:""feature"";s:0:"""";}s:32:""ba2d6be012053d8f56bff92e69a3b967"";a:13:{s:4:""name"";s:20:""Spelling and Grammar"";s:11:""description"";s:89:""Check your spelling, style, and grammar with the After the Deadline proofreading service."";s:14:""jumpstart_desc"";s:0:"""";s:4:""sort"";s:1:""6"";s:20:""recommendation_order"";s:0:"""";s:10:""introduced"";s:3:""1.1"";s:7:""changed"";s:0:"""";s:10:""deactivate"";s:0:"""";s:4:""free"";s:0:"""";s:19:""requires_connection"";s:3:""Yes"";s:13:""auto_activate"";s:3:""Yes"";s:11:""module_tags"";s:7:""Writing"";s:7:""feature"";s:0:"""";}s:32:""6b40cde041177b706a3971512da5b315"";a:13:{s:4:""name"";s:8:""Carousel"";s:11:""description"";s:63:""Transform standard image galleries into full-screen slideshows."";s:14:""jumpstart_desc"";s:79:""brings your photos and images to life as full-size, easily navigable galleries."";s:4:""sort"";s:2:""22"";s:20:""recommendation_order"";s:2:""12"";s:10:""introduced"";s:3:""1.5"";s:7:""changed"";s:0:"""";s:10:""deactivate"";s:0:"""";s:4:""free"";s:0:"""";s:19:""requires_connection"";s:2:""No"";s:13:""auto_activate"";s:2:""No"";s:11:""module_tags"";s:17:""Photos and Videos"";s:7:""feature"";s:9:""Jumpstart"";}s:32:""470f3afd93bf0cdb1765499b85d19c7e"";a:13:{s:4:""name"";s:16:""Jetpack Comments"";s:11:""description"";s:79:""Let readers comment with WordPress.com, Twitter, Facebook, or Google+ accounts."";s:14:""jumpstart_desc"";s:0:"""";s:4:""sort"";s:2:""20"";s:20:""recommendation_order"";s:0:"""";s:10:""introduced"";s:3:""1.4"";s:7:""changed"";s:0:"""";s:10:""deactivate"";s:0:"""";s:4:""free"";s:0:"""";s:19:""requires_connection"";s:3:""Yes"";s:13:""auto_activate"";s:2:""No"";s:11:""module_tags"";s:6:""Social"";s:7:""feature"";s:0:"""";}s:32:""7e77fec0d4ec034b1a1da1af25d916c3"";a:13:{s:4:""name"";s:12:""Contact Form"";s:11:""description"";s:44:""Insert a contact form anywhere on your site."";s:14:""jumpstart_desc"";s:111:""adds a button to your post and page editors, allowing you to build simple forms to help visitors stay in touch."";s:4:""sort"";s:2:""15"";s:20:""recommendation_order"";s:2:""14"";s:10:""introduced"";s:3:""1.3"";s:7:""changed"";s:0:"""";s:10:""deactivate"";s:0:"""";s:4:""free"";s:0:"""";s:19:""requires_connection"";s:2:""No"";s:13:""auto_activate"";s:3:""Yes"";s:11:""module_tags"";s:5:""Other"";s:7:""feature"";s:9:""Jumpstart"";}s:32:""2811d4d7b56e552b45d093b63cc1fdec"";a:13:{s:4:""name"";s:20:""Custom Content Types"";s:11:""description"";s:92:""Organize and display different types of content on your site, separate from posts and pages."";s:14:""jumpstart_desc"";s:0:"""";s:4:""sort"";s:2:""34"";s:20:""recommendation_order"";s:0:"""";s:10:""introduced"";s:3:""3.1"";s:7:""changed"";s:0:"""";s:10:""deactivate"";s:0:"""";s:4:""free"";s:0:"""";s:19:""requires_connection"";s:2:""No"";s:13:""auto_activate"";s:3:""Yes"";s:11:""module_tags"";s:7:""Writing"";s:7:""feature"";s:0:"""";}s:32:""533eba9201a55a2b134f88ff26066806"";a:13:{s:4:""name"";s:10:""Custom CSS"";s:11:""description"";s:57:""Customize your site’s CSS without modifying your theme."";s:14:""jumpstart_desc"";s:0:"""";s:4:""sort"";s:1:""2"";s:20:""recommendation_order"";s:0:"""";s:10:""introduced"";s:3:""1.7"";s:7:""changed"";s:0:"""";s:10:""deactivate"";s:0:"""";s:4:""free"";s:0:"""";s:19:""requires_connection"";s:2:""No"";s:13:""auto_activate"";s:3:""Yes"";s:11:""module_tags"";s:10:""Appearance"";s:7:""feature"";s:0:"""";}s:32:""726ffa766e274eb328008b2db65c0822"";a:13:{s:4:""name"";s:0:"""";s:11:""description"";s:0:"""";s:14:""jumpstart_desc"";s:0:"""";s:4:""sort"";s:0:"""";s:20:""recommendation_order"";s:0:"""";s:10:""introduced"";s:0:"""";s:7:""changed"";s:0:"""";s:10:""deactivate"";s:0:"""";s:4:""free"";s:0:"""";s:19:""requires_connection"";s:0:"""";s:13:""auto_activate"";s:0:"""";s:11:""module_tags"";s:0:"""";s:7:""feature"";s:0:"""";}s:32:""206f9015e380b6bf6b7389e658776ef1"";a:13:{s:4:""name"";s:21:""Enhanced Distribution"";s:11:""description"";s:74:""Share your public posts and comments to search engines and other services."";s:14:""jumpstart_desc"";s:0:"""";s:4:""sort"";s:1:""5"";s:20:""recommendation_order"";s:0:"""";s:10:""introduced"";s:3:""1.2"";s:7:""changed"";s:0:"""";s:10:""deactivate"";s:0:"""";s:4:""free"";s:0:"""";s:19:""requires_connection"";s:3:""Yes"";s:13:""auto_activate"";s:6:""Public"";s:11:""module_tags"";s:7:""Writing"";s:7:""feature"";s:0:"""";}s:32:""081404091e9100eb52ccec347d26e05b"";a:13:{s:4:""name"";s:0:"""";s:11:""description"";s:0:"""";s:14:""jumpstart_desc"";s:0:"""";s:4:""sort"";s:0:"""";s:20:""recommendation_order"";s:0:"""";s:10:""introduced"";s:0:"""";s:7:""changed"";s:0:"""";s:10:""deactivate"";s:0:"""";s:4:""free"";s:0:"""";s:19:""requires_connection"";s:0:"""";s:13:""auto_activate"";s:0:"""";s:11:""module_tags"";s:0:"""";s:7:""feature"";s:0:"""";}s:32:""597e951e16e24459fc8d6c61e9c0a4fb"";a:13:{s:4:""name"";s:19:""Gravatar Hovercards"";s:11:""description"";s:58:""Enable pop-up business cards over commenters’ Gravatars."";s:14:""jumpstart_desc"";s:131:""let commenters link their profiles to their Gravatar accounts, making it easy for your visitors to learn more about your community."";s:4:""sort"";s:2:""11"";s:20:""recommendation_order"";s:2:""13"";s:10:""introduced"";s:3:""1.1"";s:7:""changed"";s:0:"""";s:10:""deactivate"";s:0:"""";s:4:""free"";s:0:"""";s:19:""requires_connection"";s:2:""No"";s:13:""auto_activate"";s:3:""Yes"";s:11:""module_tags"";s:18:""Social, Appearance"";s:7:""feature"";s:9:""Jumpstart"";}s:32:""8db2345d3c43664e004c7b43ba4b900a"";a:13:{s:4:""name"";s:0:"""";s:11:""description"";s:0:"""";s:14:""jumpstart_desc"";s:0:"""";s:4:""sort"";s:0:"""";s:20:""recommendation_order"";s:0:"""";s:10:""introduced"";s:8:""2.0.3 ??"";s:7:""changed"";s:0:"""";s:10:""deactivate"";s:0:"""";s:4:""free"";s:0:"""";s:19:""requires_connection"";s:2:""No"";s:13:""auto_activate"";s:3:""Yes"";s:11:""module_tags"";s:0:"""";s:7:""feature"";s:0:"""";}s:32:""0c82191517ec4a970bcb1121ec219adb"";a:13:{s:4:""name"";s:15:""Infinite Scroll"";s:11:""description"";s:46:""Add support for infinite scroll to your theme."";s:14:""jumpstart_desc"";s:0:"""";s:4:""sort"";s:2:""26"";s:20:""recommendation_order"";s:0:"""";s:10:""introduced"";s:3:""2.0"";s:7:""changed"";s:0:"""";s:10:""deactivate"";s:0:"""";s:4:""free"";s:0:"""";s:19:""requires_connection"";s:2:""No"";s:13:""auto_activate"";s:2:""No"";s:11:""module_tags"";s:10:""Appearance"";s:7:""feature"";s:0:"""";}s:32:""6bf0aa53c40795db2cc3698e43eb34c9"";a:13:{s:4:""name"";s:8:""JSON API"";s:11:""description"";s:69:""Allow applications to securely access your content through the cloud."";s:14:""jumpstart_desc"";s:0:"""";s:4:""sort"";s:2:""19"";s:20:""recommendation_order"";s:0:"""";s:10:""introduced"";s:3:""1.9"";s:7:""changed"";s:0:"""";s:10:""deactivate"";s:0:"""";s:4:""free"";s:0:"""";s:19:""requires_connection"";s:3:""Yes"";s:13:""auto_activate"";s:6:""Public"";s:11:""module_tags"";s:19:""Writing, Developers"";s:7:""feature"";s:0:"""";}s:32:""2bebcce32dffdca0603b5982b7feed60"";a:13:{s:4:""name"";s:14:""Beautiful Math"";s:11:""description"";s:85:""Use LaTeX markup language in posts and pages for complex equations and other geekery."";s:14:""jumpstart_desc"";s:0:"""";s:4:""sort"";s:2:""12"";s:20:""recommendation_order"";s:0:"""";s:10:""introduced"";s:3:""1.1"";s:7:""changed"";s:0:"""";s:10:""deactivate"";s:0:"""";s:4:""free"";s:0:"""";s:19:""requires_connection"";s:2:""No"";s:13:""auto_activate"";s:3:""Yes"";s:11:""module_tags"";s:7:""Writing"";s:7:""feature"";s:0:"""";}s:32:""e443f02534b6b5aaf1ebba953bf4dd5c"";a:13:{s:4:""name"";s:5:""Likes"";s:11:""description"";s:70:""Give visitors an easy way to show their appreciation for your content."";s:14:""jumpstart_desc"";s:0:"""";s:4:""sort"";s:2:""23"";s:20:""recommendation_order"";s:0:"""";s:10:""introduced"";s:3:""2.2"";s:7:""changed"";s:0:"""";s:10:""deactivate"";s:0:"""";s:4:""free"";s:0:"""";s:19:""requires_connection"";s:3:""Yes"";s:13:""auto_activate"";s:2:""No"";s:11:""module_tags"";s:6:""Social"";s:7:""feature"";s:0:"""";}s:32:""32a95279b98bc0f32a5290885ddc9348"";a:13:{s:4:""name"";s:6:""Manage"";s:11:""description"";s:76:""Manage all your sites from a centralized place, https://wordpress.com/sites."";s:14:""jumpstart_desc"";s:151:""helps you remotely manage plugins, turn on automated updates, and more from <a href=""https://wordpress.com/plugins/"" target=""_blank"">wordpress.com</a>."";s:4:""sort"";s:1:""1"";s:20:""recommendation_order"";s:1:""3"";s:10:""introduced"";s:3:""3.4"";s:7:""changed"";s:0:"""";s:10:""deactivate"";s:0:"""";s:4:""free"";s:0:"""";s:19:""requires_connection"";s:3:""Yes"";s:13:""auto_activate"";s:2:""No"";s:11:""module_tags"";s:35:""Centralized Management, Recommended"";s:7:""feature"";s:22:""Recommended, Jumpstart"";}s:32:""bb70f3ee4393435ced796162873b7e78"";a:13:{s:4:""name"";s:8:""Markdown"";s:11:""description"";s:51:""Write posts or pages in plain-text Markdown syntax."";s:14:""jumpstart_desc"";s:0:"""";s:4:""sort"";s:2:""31"";s:20:""recommendation_order"";s:0:"""";s:10:""introduced"";s:3:""2.8"";s:7:""changed"";s:0:"""";s:10:""deactivate"";s:0:"""";s:4:""free"";s:0:"""";s:19:""requires_connection"";s:2:""No"";s:13:""auto_activate"";s:2:""No"";s:11:""module_tags"";s:7:""Writing"";s:7:""feature"";s:0:"""";}s:32:""1c7631d7cd233f3e10257e961be5795e"";a:13:{s:4:""name"";s:12:""Mobile Theme"";s:11:""description"";s:64:""Optimize your site with a mobile-friendly theme for smartphones."";s:14:""jumpstart_desc"";s:0:"""";s:4:""sort"";s:2:""21"";s:20:""recommendation_order"";s:2:""11"";s:10:""introduced"";s:3:""1.8"";s:7:""changed"";s:0:"""";s:10:""deactivate"";s:0:"""";s:4:""free"";s:0:"""";s:19:""requires_connection"";s:2:""No"";s:13:""auto_activate"";s:2:""No"";s:11:""module_tags"";s:31:""Appearance, Mobile, Recommended"";s:7:""feature"";s:11:""Recommended"";}s:32:""1c149cecc7adce604bbf6645324aa7b8"";a:13:{s:4:""name"";s:0:"""";s:11:""description"";s:0:"""";s:14:""jumpstart_desc"";s:0:"""";s:4:""sort"";s:0:"""";s:20:""recommendation_order"";s:0:"""";s:10:""introduced"";s:0:"""";s:7:""changed"";s:0:"""";s:10:""deactivate"";s:0:"""";s:4:""free"";s:0:"""";s:19:""requires_connection"";s:0:"""";s:13:""auto_activate"";s:0:"""";s:11:""module_tags"";s:0:"""";s:7:""feature"";s:0:"""";}s:32:""f419f206b6ea9e7938d375f51d73f5ad"";a:13:{s:4:""name"";s:0:"""";s:11:""description"";s:0:"""";s:14:""jumpstart_desc"";s:0:"""";s:4:""sort"";s:0:"""";s:20:""recommendation_order"";s:0:"""";s:10:""introduced"";s:0:"""";s:7:""changed"";s:0:"""";s:10:""deactivate"";s:0:"""";s:4:""free"";s:0:"""";s:19:""requires_connection"";s:0:"""";s:13:""auto_activate"";s:0:"""";s:11:""module_tags"";s:0:"""";s:7:""feature"";s:0:"""";}s:32:""6655c36ca0798db1e776506010e12dd3"";a:13:{s:4:""name"";s:0:"""";s:11:""description"";s:0:"""";s:14:""jumpstart_desc"";s:0:"""";s:4:""sort"";s:0:"""";s:20:""recommendation_order"";s:0:"""";s:10:""introduced"";s:0:"""";s:7:""changed"";s:0:"""";s:10:""deactivate"";s:0:"""";s:4:""free"";s:0:"""";s:19:""requires_connection"";s:0:"""";s:13:""auto_activate"";s:0:"""";s:11:""module_tags"";s:0:"""";s:7:""feature"";s:0:"""";}s:32:""fb879391155eaa4ff4942efd88acb558"";a:13:{s:4:""name"";s:0:"""";s:11:""description"";s:0:"""";s:14:""jumpstart_desc"";s:0:"""";s:4:""sort"";s:0:"""";s:20:""recommendation_order"";s:0:"""";s:10:""introduced"";s:0:"""";s:7:""changed"";s:0:"""";s:10:""deactivate"";s:0:"""";s:4:""free"";s:0:"""";s:19:""requires_connection"";s:0:"""";s:13:""auto_activate"";s:0:"""";s:11:""module_tags"";s:0:"""";s:7:""feature"";s:0:"""";}s:32:""1fa7486824b3762ae2d1e766853e1a43"";a:13:{s:4:""name"";s:7:""Monitor"";s:11:""description"";s:88:""Receive notifications from Jetpack if your site goes offline — and when it it returns."";s:14:""jumpstart_desc"";s:0:"""";s:4:""sort"";s:2:""28"";s:20:""recommendation_order"";s:2:""10"";s:10:""introduced"";s:3:""2.6"";s:7:""changed"";s:0:"""";s:10:""deactivate"";s:0:"""";s:4:""free"";s:0:"""";s:19:""requires_connection"";s:3:""Yes"";s:13:""auto_activate"";s:2:""No"";s:11:""module_tags"";s:11:""Recommended"";s:7:""feature"";s:11:""Recommended"";}s:32:""3e281b9e095adec5be451e3ec8b6a8b8"";a:13:{s:4:""name"";s:13:""Notifications"";s:11:""description"";s:84:""Receive notification of site activity via the admin toolbar and your Mobile devices."";s:14:""jumpstart_desc"";s:0:"""";s:4:""sort"";s:2:""13"";s:20:""recommendation_order"";s:0:"""";s:10:""introduced"";s:3:""1.9"";s:7:""changed"";s:0:"""";s:10:""deactivate"";s:0:"""";s:4:""free"";s:0:"""";s:19:""requires_connection"";s:3:""Yes"";s:13:""auto_activate"";s:3:""Yes"";s:11:""module_tags"";s:5:""Other"";s:7:""feature"";s:0:"""";}s:32:""8e9cd02b9c3afb6467dfb895f6a5ef32"";a:13:{s:4:""name"";s:10:""Omnisearch"";s:11:""description"";s:66:""Search your entire database from a single field in your Dashboard."";s:14:""jumpstart_desc"";s:0:"""";s:4:""sort"";s:2:""16"";s:20:""recommendation_order"";s:0:"""";s:10:""introduced"";s:3:""2.3"";s:7:""changed"";s:0:"""";s:10:""deactivate"";s:0:"""";s:4:""free"";s:0:"""";s:19:""requires_connection"";s:2:""No"";s:13:""auto_activate"";s:3:""Yes"";s:11:""module_tags"";s:10:""Developers"";s:7:""feature"";s:0:"""";}s:32:""d2347bc9d941ab467754df24170e95c6"";a:13:{s:4:""name"";s:6:""Photon"";s:11:""description"";s:66:""Accelerate your site by loading images from the WordPress.com CDN."";s:14:""jumpstart_desc"";s:141:""mirrors and serves your images from our free and fast image CDN, improving your site’s performance with no additional load on your servers."";s:4:""sort"";s:2:""25"";s:20:""recommendation_order"";s:1:""1"";s:10:""introduced"";s:3:""2.0"";s:7:""changed"";s:0:"""";s:10:""deactivate"";s:0:"""";s:4:""free"";s:0:"""";s:19:""requires_connection"";s:3:""Yes"";s:13:""auto_activate"";s:2:""No"";s:11:""module_tags"";s:42:""Photos and Videos, Appearance, Recommended"";s:7:""feature"";s:22:""Recommended, Jumpstart"";}s:32:""ea91cd5175bba4e2508821f412d3b8f7"";a:13:{s:4:""name"";s:13:""Post by Email"";s:11:""description"";s:58:""Publish posts by email, using any device and email client."";s:14:""jumpstart_desc"";s:0:"""";s:4:""sort"";s:2:""14"";s:20:""recommendation_order"";s:0:"""";s:10:""introduced"";s:3:""2.0"";s:7:""changed"";s:0:"""";s:10:""deactivate"";s:0:"""";s:4:""free"";s:0:"""";s:19:""requires_connection"";s:3:""Yes"";s:13:""auto_activate"";s:3:""Yes"";s:11:""module_tags"";s:7:""Writing"";s:7:""feature"";s:0:"""";}s:32:""9e202a1585c00b00657f0e44524070ec"";a:13:{s:4:""name"";s:7:""Protect"";s:11:""description"";s:70:""Adds brute force protection to your login page. Formerly BruteProtect."";s:14:""jumpstart_desc"";s:0:"""";s:4:""sort"";s:1:""1"";s:20:""recommendation_order"";s:1:""4"";s:10:""introduced"";s:3:""3.4"";s:7:""changed"";s:0:"""";s:10:""deactivate"";s:0:"""";s:4:""free"";s:0:"""";s:19:""requires_connection"";s:3:""Yes"";s:13:""auto_activate"";s:3:""Yes"";s:11:""module_tags"";s:11:""Recommended"";s:7:""feature"";s:11:""Recommended"";}s:32:""e824eeda451b7dccaa69866799c07a67"";a:13:{s:4:""name"";s:9:""Publicize"";s:11:""description"";s:55:""Share new posts on social media networks automatically."";s:14:""jumpstart_desc"";s:0:"""";s:4:""sort"";s:2:""10"";s:20:""recommendation_order"";s:1:""7"";s:10:""introduced"";s:3:""2.0"";s:7:""changed"";s:0:"""";s:10:""deactivate"";s:0:"""";s:4:""free"";s:0:"""";s:19:""requires_connection"";s:3:""Yes"";s:13:""auto_activate"";s:3:""Yes"";s:11:""module_tags"";s:19:""Social, Recommended"";s:7:""feature"";s:11:""Recommended"";}s:32:""bb14cb0d593b50927af91abff620ef55"";a:13:{s:4:""name"";s:0:"""";s:11:""description"";s:0:"""";s:14:""jumpstart_desc"";s:0:"""";s:4:""sort"";s:0:"""";s:20:""recommendation_order"";s:0:"""";s:10:""introduced"";s:0:"""";s:7:""changed"";s:0:"""";s:10:""deactivate"";s:0:"""";s:4:""free"";s:0:"""";s:19:""requires_connection"";s:0:"""";s:13:""auto_activate"";s:0:"""";s:11:""module_tags"";s:0:"""";s:7:""feature"";s:0:"""";}s:32:""92d1a7933aa9abf16f8e4ce6e46fe71c"";a:13:{s:4:""name"";s:13:""Related Posts"";s:11:""description"";s:60:""Display links to your related content under posts and pages."";s:14:""jumpstart_desc"";s:113:""keep visitors engaged on your blog by highlighting relevant and new content at the bottom of each published post."";s:4:""sort"";s:2:""29"";s:20:""recommendation_order"";s:1:""9"";s:10:""introduced"";s:3:""2.9"";s:7:""changed"";s:0:"""";s:10:""deactivate"";s:0:"""";s:4:""free"";s:0:"""";s:19:""requires_connection"";s:3:""Yes"";s:13:""auto_activate"";s:2:""No"";s:11:""module_tags"";s:11:""Recommended"";s:7:""feature"";s:22:""Recommended, Jumpstart"";}s:32:""63b0d87c6c54ce84ef453ebff00ed8af"";a:13:{s:4:""name"";s:7:""Sharing"";s:11:""description"";s:81:""Allow visitors to share your content on Facebook, Twitter, and more with a click."";s:14:""jumpstart_desc"";s:116:""Twitter, Facebook and Google+ buttons at the bottom of each post, making it easy for visitors to share your content."";s:4:""sort"";s:1:""7"";s:20:""recommendation_order"";s:1:""6"";s:10:""introduced"";s:3:""1.1"";s:7:""changed"";s:3:""1.2"";s:10:""deactivate"";s:0:"""";s:4:""free"";s:0:"""";s:19:""requires_connection"";s:2:""No"";s:13:""auto_activate"";s:3:""Yes"";s:11:""module_tags"";s:19:""Social, Recommended"";s:7:""feature"";s:22:""Recommended, Jumpstart"";}s:32:""c2d5af8d7cc03269119fbe5e9f5ee71d"";a:13:{s:4:""name"";s:16:""Shortcode Embeds"";s:11:""description"";s:77:""Embed content from YouTube, Vimeo, SlideShare, and more, no coding necessary."";s:14:""jumpstart_desc"";s:0:"""";s:4:""sort"";s:1:""3"";s:20:""recommendation_order"";s:0:"""";s:10:""introduced"";s:3:""1.1"";s:7:""changed"";s:3:""1.2"";s:10:""deactivate"";s:0:"""";s:4:""free"";s:0:"""";s:19:""requires_connection"";s:2:""No"";s:13:""auto_activate"";s:3:""Yes"";s:11:""module_tags"";s:46:""Photos and Videos, Social, Writing, Appearance"";s:7:""feature"";s:0:"""";}s:32:""dc2ef9c780326708776cfeffd21858b1"";a:13:{s:4:""name"";s:16:""WP.me Shortlinks"";s:11:""description"";s:56:""Enable WP.me-powered shortlinks for all posts and pages."";s:14:""jumpstart_desc"";s:0:"""";s:4:""sort"";s:1:""8"";s:20:""recommendation_order"";s:0:"""";s:10:""introduced"";s:3:""1.1"";s:7:""changed"";s:0:"""";s:10:""deactivate"";s:0:"""";s:4:""free"";s:0:"""";s:19:""requires_connection"";s:3:""Yes"";s:13:""auto_activate"";s:3:""Yes"";s:11:""module_tags"";s:6:""Social"";s:7:""feature"";s:0:"""";}s:32:""673ac1e6725df886cf370f9336794184"";a:13:{s:4:""name"";s:9:""Site Icon"";s:11:""description"";s:29:""Add a site icon to your site."";s:14:""jumpstart_desc"";s:0:"""";s:4:""sort"";s:2:""22"";s:20:""recommendation_order"";s:0:"""";s:10:""introduced"";s:3:""3.2"";s:7:""changed"";s:0:"""";s:10:""deactivate"";s:0:"""";s:4:""free"";s:0:"""";s:19:""requires_connection"";s:2:""No"";s:13:""auto_activate"";s:2:""No"";s:11:""module_tags"";s:5:""Other"";s:7:""feature"";s:0:"""";}s:32:""06d3a4c89ffd444ec5d6e443cb8a05a8"";a:13:{s:4:""name"";s:0:"""";s:11:""description"";s:0:"""";s:14:""jumpstart_desc"";s:0:"""";s:4:""sort"";s:0:"""";s:20:""recommendation_order"";s:0:"""";s:10:""introduced"";s:0:"""";s:7:""changed"";s:0:"""";s:10:""deactivate"";s:0:"""";s:4:""free"";s:0:"""";s:19:""requires_connection"";s:0:"""";s:13:""auto_activate"";s:0:"""";s:11:""module_tags"";s:0:"""";s:7:""feature"";s:0:"""";}s:32:""fb49c8b9c84f069e5a730e790a8662d0"";a:13:{s:4:""name"";s:22:""Jetpack Single Sign On"";s:11:""description"";s:62:""Allow your users to log in using their WordPress.com accounts."";s:14:""jumpstart_desc"";s:97:""lets you login to all your Jetpack-enabled sites with one click using your WordPress.com account."";s:4:""sort"";s:2:""30"";s:20:""recommendation_order"";s:1:""5"";s:10:""introduced"";s:3:""2.6"";s:7:""changed"";s:0:"""";s:10:""deactivate"";s:0:"""";s:4:""free"";s:0:"""";s:19:""requires_connection"";s:3:""Yes"";s:13:""auto_activate"";s:2:""No"";s:11:""module_tags"";s:10:""Developers"";s:7:""feature"";s:9:""Jumpstart"";}s:32:""c13c26b670dcd3a550090d0d9f29d5a2"";a:13:{s:4:""name"";s:19:""WordPress.com Stats"";s:11:""description"";s:85:""Monitor your stats with clear, concise reports and no additional load on your server."";s:14:""jumpstart_desc"";s:0:"""";s:4:""sort"";s:1:""1"";s:20:""recommendation_order"";s:1:""2"";s:10:""introduced"";s:3:""1.1"";s:7:""changed"";s:0:"""";s:10:""deactivate"";s:0:"""";s:4:""free"";s:0:"""";s:19:""requires_connection"";s:3:""Yes"";s:13:""auto_activate"";s:3:""Yes"";s:11:""module_tags"";s:32:""WordPress.com Stats, Recommended"";s:7:""feature"";s:11:""Recommended"";}s:32:""54788dc04e9e8f07e572047ffe5b46a7"";a:13:{s:4:""name"";s:13:""Subscriptions"";s:11:""description"";s:88:""Allow users to subscribe to your posts and comments and receive notifications via email."";s:14:""jumpstart_desc"";s:126:""give visitors two easy subscription options — while commenting, or via a separate email subscription widget you can display."";s:4:""sort"";s:1:""9"";s:20:""recommendation_order"";s:1:""8"";s:10:""introduced"";s:3:""1.2"";s:7:""changed"";s:0:"""";s:10:""deactivate"";s:0:"""";s:4:""free"";s:0:"""";s:19:""requires_connection"";s:3:""Yes"";s:13:""auto_activate"";s:3:""Yes"";s:11:""module_tags"";s:6:""Social"";s:7:""feature"";s:9:""Jumpstart"";}s:32:""e53d71ea2897d857addee0006c3a0880"";a:13:{s:4:""name"";s:0:"""";s:11:""description"";s:0:"""";s:14:""jumpstart_desc"";s:0:"""";s:4:""sort"";s:0:"""";s:20:""recommendation_order"";s:0:"""";s:10:""introduced"";s:0:"""";s:7:""changed"";s:0:"""";s:10:""deactivate"";s:0:"""";s:4:""free"";s:0:"""";s:19:""requires_connection"";s:0:"""";s:13:""auto_activate"";s:0:"""";s:11:""module_tags"";s:0:"""";s:7:""feature"";s:0:"""";}s:32:""4348a015abaa16f9e12c98ecaa02eb3c"";a:13:{s:4:""name"";s:15:""Tiled Galleries"";s:11:""description"";s:73:""Display your image galleries in a variety of sleek, graphic arrangements."";s:14:""jumpstart_desc"";s:0:"""";s:4:""sort"";s:2:""24"";s:20:""recommendation_order"";s:0:"""";s:10:""introduced"";s:3:""2.1"";s:7:""changed"";s:0:"""";s:10:""deactivate"";s:0:"""";s:4:""free"";s:0:"""";s:19:""requires_connection"";s:2:""No"";s:13:""auto_activate"";s:2:""No"";s:11:""module_tags"";s:17:""Photos and Videos"";s:7:""feature"";s:0:"""";}s:32:""285b4b9e811318440a6da240f99ad084"";a:13:{s:4:""name"";s:0:"""";s:11:""description"";s:0:"""";s:14:""jumpstart_desc"";s:0:"""";s:4:""sort"";s:0:"""";s:20:""recommendation_order"";s:0:"""";s:10:""introduced"";s:0:"""";s:7:""changed"";s:0:"""";s:10:""deactivate"";s:0:"""";s:4:""free"";s:0:"""";s:19:""requires_connection"";s:0:"""";s:13:""auto_activate"";s:0:"""";s:11:""module_tags"";s:0:"""";s:7:""feature"";s:0:"""";}s:32:""a14f11c07ec101f1c51eb4b168057be6"";a:13:{s:4:""name"";s:10:""VaultPress"";s:11:""description"";s:85:""Protect your site with automatic backups and security scans. (Subscription required.)"";s:14:""jumpstart_desc"";s:0:"""";s:4:""sort"";s:2:""32"";s:20:""recommendation_order"";s:0:"""";s:10:""introduced"";s:5:""0:1.2"";s:7:""changed"";s:0:"""";s:10:""deactivate"";s:5:""false"";s:4:""free"";s:5:""false"";s:19:""requires_connection"";s:3:""Yes"";s:13:""auto_activate"";s:3:""Yes"";s:11:""module_tags"";s:0:"""";s:7:""feature"";s:0:"""";}s:32:""97422f193e9d26e6febb18a91f9ffb0e"";a:13:{s:4:""name"";s:17:""Site Verification"";s:11:""description"";s:78:""Verify your site or domain with Google Webmaster Tools, Pinterest, and others."";s:14:""jumpstart_desc"";s:0:"""";s:4:""sort"";s:2:""33"";s:20:""recommendation_order"";s:0:"""";s:10:""introduced"";s:3:""3.0"";s:7:""changed"";s:0:"""";s:10:""deactivate"";s:0:"""";s:4:""free"";s:0:"""";s:19:""requires_connection"";s:2:""No"";s:13:""auto_activate"";s:3:""Yes"";s:11:""module_tags"";s:0:"""";s:7:""feature"";s:0:"""";}s:32:""414b7f5bf87424824f052318f9d7252f"";a:13:{s:4:""name"";s:10:""VideoPress"";s:11:""description"";s:68:""Upload and embed videos right on your site. (Subscription required.)"";s:14:""jumpstart_desc"";s:0:"""";s:4:""sort"";s:2:""27"";s:20:""recommendation_order"";s:0:"""";s:10:""introduced"";s:3:""2.5"";s:7:""changed"";s:0:"""";s:10:""deactivate"";s:0:"""";s:4:""free"";s:5:""false"";s:19:""requires_connection"";s:3:""Yes"";s:13:""auto_activate"";s:0:"""";s:11:""module_tags"";s:17:""Photos and Videos"";s:7:""feature"";s:0:"""";}s:32:""0beb18325dea52049d80ecf00beef9c8"";a:13:{s:4:""name"";s:17:""Widget Visibility"";s:11:""description"";s:57:""Specify which widgets appear on which pages of your site."";s:14:""jumpstart_desc"";s:0:"""";s:4:""sort"";s:2:""17"";s:20:""recommendation_order"";s:0:"""";s:10:""introduced"";s:3:""2.4"";s:7:""changed"";s:0:"""";s:10:""deactivate"";s:0:"""";s:4:""free"";s:0:"""";s:19:""requires_connection"";s:2:""No"";s:13:""auto_activate"";s:3:""Yes"";s:11:""module_tags"";s:10:""Appearance"";s:7:""feature"";s:0:"""";}s:32:""42b4775b7db6072cd7b7d914410e7dca"";a:13:{s:4:""name"";s:21:""Extra Sidebar Widgets"";s:11:""description"";s:79:""Add images, Twitter streams, your site’s RSS links, and more to your sidebar."";s:14:""jumpstart_desc"";s:0:"""";s:4:""sort"";s:1:""4"";s:20:""recommendation_order"";s:0:"""";s:10:""introduced"";s:3:""1.2"";s:7:""changed"";s:0:"""";s:10:""deactivate"";s:0:"""";s:4:""free"";s:0:"""";s:19:""requires_connection"";s:2:""No"";s:13:""auto_activate"";s:3:""Yes"";s:11:""module_tags"";s:18:""Social, Appearance"";s:7:""feature"";s:0:"""";}s:32:""77e519834838d9750a06e47abcb5c968"";a:13:{s:4:""name"";s:0:"""";s:11:""description"";s:0:"""";s:14:""jumpstart_desc"";s:0:"""";s:4:""sort"";s:0:"""";s:20:""recommendation_order"";s:0:"""";s:10:""introduced"";s:0:"""";s:7:""changed"";s:0:"""";s:10:""deactivate"";s:0:"""";s:4:""free"";s:0:"""";s:19:""requires_connection"";s:0:"""";s:13:""auto_activate"";s:0:"""";s:11:""module_tags"";s:0:"""";s:7:""feature"";s:0:"""";}}}","yes"
"292","jetpack_available_modules","a:1:{s:5:""3.5.3"";a:36:{s:18:""after-the-deadline"";s:3:""1.1"";s:8:""carousel"";s:3:""1.5"";s:8:""comments"";s:3:""1.4"";s:12:""contact-form"";s:3:""1.3"";s:20:""custom-content-types"";s:3:""3.1"";s:10:""custom-css"";s:3:""1.7"";s:21:""enhanced-distribution"";s:3:""1.2"";s:19:""gravatar-hovercards"";s:3:""1.1"";s:15:""infinite-scroll"";s:3:""2.0"";s:8:""json-api"";s:3:""1.9"";s:5:""latex"";s:3:""1.1"";s:5:""likes"";s:3:""2.2"";s:6:""manage"";s:3:""3.4"";s:8:""markdown"";s:3:""2.8"";s:9:""minileven"";s:3:""1.8"";s:7:""monitor"";s:3:""2.6"";s:5:""notes"";s:3:""1.9"";s:10:""omnisearch"";s:3:""2.3"";s:6:""photon"";s:3:""2.0"";s:13:""post-by-email"";s:3:""2.0"";s:7:""protect"";s:3:""3.4"";s:9:""publicize"";s:3:""2.0"";s:13:""related-posts"";s:3:""2.9"";s:10:""sharedaddy"";s:3:""1.1"";s:10:""shortcodes"";s:3:""1.1"";s:10:""shortlinks"";s:3:""1.1"";s:9:""site-icon"";s:3:""3.2"";s:3:""sso"";s:3:""2.6"";s:5:""stats"";s:3:""1.1"";s:13:""subscriptions"";s:3:""1.2"";s:13:""tiled-gallery"";s:3:""2.1"";s:10:""vaultpress"";s:5:""0:1.2"";s:18:""verification-tools"";s:3:""3.0"";s:10:""videopress"";s:3:""2.5"";s:17:""widget-visibility"";s:3:""2.4"";s:7:""widgets"";s:3:""1.2"";}}","yes"
"294","jetpack_security_report","a:0:{}","yes"
"297","_transient_timeout_jetpack_https_test","1433969745","no"
"298","_transient_jetpack_https_test","0","no"
"301","jetpack_updates","a:7:{s:7:""plugins"";i:0;s:6:""themes"";i:0;s:9:""wordpress"";i:0;s:12:""translations"";i:0;s:5:""total"";i:0;s:10:""wp_version"";s:5:""4.2.2"";s:26:""site_is_version_controlled"";b:0;}","yes"
"304","jetpack_log","a:2:{i:0;a:5:{s:4:""time"";i:1433883926;s:7:""user_id"";i:1;s:7:""blog_id"";b:0;s:4:""code"";s:8:""activate"";s:4:""data"";s:10:""sharedaddy"";}i:1;a:5:{s:4:""time"";i:1433883968;s:7:""user_id"";i:1;s:7:""blog_id"";b:0;s:4:""code"";s:8:""activate"";s:4:""data"";s:7:""widgets"";}}","no"
"305","jetpack_active_modules","a:2:{i:0;s:10:""sharedaddy"";i:1;s:7:""widgets"";}","yes"
"306","sharing-options","a:1:{s:6:""global"";a:5:{s:12:""button_style"";s:4:""icon"";s:13:""sharing_label"";s:37:""Compartilhe informação de qualidade"";s:10:""open_links"";s:4:""same"";s:4:""show"";a:3:{i:0;s:5:""index"";i:1;s:4:""post"";i:2;s:4:""page"";}s:6:""custom"";a:0:{}}}","yes"
"307","widget_facebook-likebox","a:2:{i:2;a:2:{s:5:""title"";s:8:""Facebook"";s:9:""like_args"";a:9:{s:4:""href"";s:46:""https://www.facebook.com/JornalFolhadaterranet"";s:5:""width"";i:189;s:6:""height"";i:310;s:11:""colorscheme"";s:5:""light"";s:10:""show_faces"";b:1;s:6:""stream"";b:0;s:11:""show_border"";b:1;s:6:""header"";b:0;s:10:""force_wall"";b:0;}}s:12:""_multiwidget"";i:1;}","yes"
"310","widget_wpcom-goodreads","a:2:{i:1;a:0:{}s:12:""_multiwidget"";i:1;}","yes"
"311","widget_image","a:2:{i:1;a:0:{}s:12:""_multiwidget"";i:1;}","yes"
"312","widget_widget_contact_info","a:2:{i:1;a:0:{}s:12:""_multiwidget"";i:1;}","yes"
"313","widget_rss_links","a:2:{i:1;a:0:{}s:12:""_multiwidget"";i:1;}","yes"
"314","widget_jetpack_display_posts_widget","a:2:{i:1;a:0:{}s:12:""_multiwidget"";i:1;}","yes"
"315","widget_grofile","a:2:{i:1;a:0:{}s:12:""_multiwidget"";i:1;}","yes"
"316","widget_twitter_timeline","a:2:{i:1;a:0:{}s:12:""_multiwidget"";i:1;}","yes"
"318","profitmag_options","a:65:{s:14:""webpage_layout"";s:9:""Fullwidth"";s:11:""show_search"";i:1;s:14:""menu_alignment"";s:4:""Left"";s:12:""media_upload"";s:0:"""";s:16:""footer_copyright"";s:14:""Folha da Terra"";s:9:""read_more"";s:0:"""";s:21:""featured_block_beside"";s:2:""23"";s:18:""featured_block_one"";s:2:""23"";s:15:""no_of_block_one"";i:6;s:18:""featured_block_two"";s:2:""23"";s:15:""no_of_block_two"";i:6;s:20:""featured_block_three"";s:2:""42"";s:17:""no_of_block_three"";i:10;s:19:""featured_block_four"";s:2:""38"";s:16:""no_of_block_four"";i:7;s:19:""featured_block_left"";s:2:""38"";s:16:""no_of_block_left"";s:1:""3"";s:20:""featured_block_right"";s:1:""5"";s:17:""no_of_block_right"";i:3;s:14:""slider_options"";s:18:""single_post_slider"";s:7:""slider1"";s:1:""0"";s:7:""slider2"";s:1:""0"";s:7:""slider3"";s:1:""0"";s:7:""slider4"";s:1:""0"";s:10:""slider_cat"";s:1:""0"";s:20:""slider_show_controls"";s:3:""yes"";s:11:""slider_auto"";s:3:""yes"";s:12:""slider_speed"";i:2000;s:14:""sidebar_layout"";s:13:""right_sidebar"";s:17:""left_cat_post_one"";s:1:""0"";s:23:""left_no_of_cat_post_one"";i:3;s:23:""left_sidebar_middle_ads"";s:0:"""";s:17:""left_cat_post_two"";s:1:""0"";s:23:""left_no_of_cat_post_two"";i:3;s:27:""left_sidebar_bottom_ads_one"";s:0:"""";s:27:""left_sidebar_bottom_ads_two"";s:0:"""";s:18:""right_cat_post_one"";s:1:""0"";s:24:""right_no_of_cat_post_one"";i:3;s:24:""right_sidebar_middle_ads"";s:0:"""";s:18:""right_cat_post_two"";s:1:""0"";s:24:""right_no_of_cat_post_two"";i:3;s:28:""right_sidebar_bottom_ads_one"";s:0:"""";s:28:""right_sidebar_bottom_ads_two"";s:0:"""";s:10:""header_ads"";s:0:"""";s:15:""mid_section_ads"";s:0:"""";s:8:""facebook"";s:0:"""";s:7:""twitter"";s:0:"""";s:5:""gplus"";s:0:"""";s:7:""youtube"";s:0:"""";s:9:""pinterest"";s:0:"""";s:6:""flickr"";s:0:"""";s:5:""vimeo"";s:0:"""";s:11:""stumbleupon"";s:0:"""";s:7:""dribble"";s:0:"""";s:6:""tumblr"";s:0:"""";s:8:""linkedin"";s:0:"""";s:11:""sound_cloud"";s:0:"""";s:5:""skype"";s:0:"""";s:3:""rss"";s:0:"""";s:10:""custom_css"";s:0:"""";s:11:""custom_code"";s:0:"""";s:17:""responsive_design"";i:0;s:11:""tc_activate"";i:0;s:9:""hide_date"";i:0;s:18:""show_social_header"";i:0;}","yes"
"319","_transient_timeout_settings_errors","1434051259","no"
"320","_transient_settings_errors","a:1:{i:0;a:4:{s:7:""setting"";s:7:""general"";s:4:""code"";s:16:""settings_updated"";s:7:""message"";s:23:""Configurações salvas."";s:4:""type"";s:7:""updated"";}}","no"
"384","_transient_timeout_plugin_slugs","1437505721","no"
"385","_transient_plugin_slugs","a:4:{i:0;s:19:""akismet/akismet.php"";i:1;s:9:""hello.php"";i:2;s:19:""jetpack/jetpack.php"";i:3;s:23:""socialize/socialize.php"";}","no"
"412","socialize_settings10","a:62:{s:19:""socialize_installed"";s:2:""on"";s:17:""socialize_version"";s:2:""27"";s:18:""socialize_alert_bg"";s:7:""#FFEAA8"";s:27:""socialize_alert_border_size"";s:3:""2px"";s:28:""socialize_alert_border_style"";s:5:""solid"";s:28:""socialize_alert_border_color"";s:4:""#ddd"";s:14:""socialize_text"";s:307:""If you enjoyed this post, please consider <a href=""#comments"">leaving a comment</a> or <a href=""http://localhost/folha/index.php/feed/"" title=""Syndicate this site using RSS"">subscribing to the <abbr title=""Really Simple Syndication"">RSS</abbr> feed</a> to have future articles delivered to your feed reader."";s:23:""socialize_display_front"";s:2:""on"";s:26:""socialize_display_archives"";s:2:""on"";s:24:""socialize_display_search"";s:0:"""";s:23:""socialize_display_posts"";s:2:""on"";s:23:""socialize_display_pages"";s:2:""on"";s:22:""socialize_display_feed"";s:0:"""";s:19:""socialize_alert_box"";s:2:""on"";s:25:""socialize_alert_box_pages"";s:2:""on"";s:23:""socialize_twitterWidget"";s:8:""official"";s:18:""socialize_fbWidget"";s:13:""official-like"";s:15:""socialize_float"";s:4:""left"";s:24:""socialize_twitter_source"";s:11:""socializeWP"";s:9:""sharemeta"";s:14:""1,2,5,22,24,26"";s:20:""socialize_bitly_name"";s:0:"""";s:19:""socialize_bitly_key"";s:0:"""";s:21:""socialize_topsy_theme"";s:10:""light-blue"";s:20:""socialize_topsy_size"";s:3:""big"";s:23:""socialize_twitter_count"";s:8:""vertical"";s:25:""socialize_twitter_related"";s:0:"""";s:25:""socialize_tweetmeme_style"";s:6:""normal"";s:24:""socialize_tweetcount_via"";s:5:""false"";s:26:""socialize_tweetcount_links"";s:4:""true"";s:25:""socialize_tweetcount_size"";s:5:""large"";s:31:""socialize_tweetcount_background"";s:6:""80b62a"";s:27:""socialize_tweetcount_border"";s:6:""CCCCCC"";s:9:""fb_layout"";s:9:""box_count"";s:12:""fb_showfaces"";s:5:""false"";s:7:""fb_verb"";s:4:""like"";s:7:""fb_font"";s:5:""arial"";s:8:""fb_color"";s:5:""light"";s:8:""fb_width"";s:2:""45"";s:11:""reddit_type"";s:1:""2"";s:14:""reddit_bgcolor"";s:0:"""";s:18:""reddit_bordercolor"";s:0:"""";s:7:""su_type"";s:1:""5"";s:10:""buzz_style"";s:12:""normal-count"";s:18:""plusone_annotation"";s:0:"""";s:13:""plusone_style"";s:4:""tall"";s:9:""digg_size"";s:10:""DiggMedium"";s:15:""yahoo_badgetype"";s:6:""square"";s:16:""linkedin_counter"";s:3:""top"";s:18:""socialize_position"";s:8:""vertical"";s:13:""socialize_css"";s:0:"""";s:25:""socialize_action_template"";s:93:""<div class=""socialize-buttons"">%%buttons%%</div><div class=""socialize-text"">%%content%%</div>"";s:18:""socialize_fb_appid"";s:0:"""";s:20:""socialize_fb_adminid"";s:0:"""";s:24:""socialize_display_custom"";a:0:{}s:12:""socialize_og"";s:2:""on"";s:19:""socialize_fb_pageid"";s:2:""on"";s:17:""pinterest_counter"";s:5:""above"";s:14:""buffer_counter"";s:8:""vertical"";s:13:""fb_sendbutton"";s:5:""false"";s:24:""socialize_button_display"";s:2:""in"";s:20:""socialize_out_margin"";s:4:""-105"";s:14:""pocket_counter"";s:8:""vertical"";}","yes"
"416","sharing-services","a:2:{s:7:""visible"";a:9:{i:0;s:5:""email"";i:1;s:7:""twitter"";i:2;s:8:""facebook"";i:3;s:13:""google-plus-1"";i:4;s:6:""tumblr"";i:5;s:9:""pinterest"";i:6;s:8:""linkedin"";i:7;s:6:""reddit"";i:8;s:5:""print"";}s:6:""hidden"";a:0:{}}","yes"
"417","sharedaddy_disable_resources","0","yes"
"418","jetpack-twitter-cards-site-tag","folhadaterranet","yes"
"422","nxs_log_db_table_version","1.1","yes"
"424","auto_updater.lock","1437505552","no"
"435","_transient_timeout_jetpack_site_is_vcs","1437576702","no"
"436","_transient_jetpack_site_is_vcs","0","no"
"439","_site_transient_timeout_theme_roots","1437492180","yes"
"440","_site_transient_theme_roots","a:5:{s:16:""mh-magazine-lite"";s:7:""/themes"";s:9:""profitmag"";s:7:""/themes"";s:13:""twentyfifteen"";s:7:""/themes"";s:14:""twentyfourteen"";s:7:""/themes"";s:14:""twentythirteen"";s:7:""/themes"";}","yes"
"441","_transient_timeout_dash_4077549d03da2e451c8b5f002294ff51","1437533625","no"
"442","_transient_dash_4077549d03da2e451c8b5f002294ff51","<div class=""rss-widget""><p><strong>Erro de RSS</strong>: WP HTTP Error: Failed to connect to wordpress.org port 80: Timed out</p></div><div class=""rss-widget""><p><strong>Erro de RSS</strong>: WP HTTP Error: Failed to connect to planet.wordpress.org port 443: Timed out</p></div><div class=""rss-widget""><ul></ul></div>","no"
"547","_site_transient_timeout_security_report_performed_recently","1437517156","yes"
"548","_site_transient_security_report_performed_recently","1","yes"
